token1,token2,lemma1,lemma2,pos,mainpos,chunk,ner,samePos,sameMainPos,entDistance,sentDistance,eventClass1|eventClass2,tense1|tense2,aspect1|aspect2,polarity1|polarity2,sameEventClass,sameTense,sameAspect,samePolarity,depPath,mainVerb1|mainVerb2,tempMarkerClusText-Position,tempMarkerDep1-Dep2,causMarkerClusText-Position,causMarkerDep1-Dep2,coref,wnSim,label
season,killed,season,kill,NN1|VVN,n|v,I-NP|I-VP,O|O,FALSE,FALSE,1,0,OCCURRENCE|OCCURRENCE,PRESENT|PRESENT,PROGRESSIVE|PERFECTIVE,pos|pos,TRUE,TRUE,FALSE,TRUE,O,O|O,O|O,O|O,so|AFTER,O|VC-TMP,NOCOREF,0.10123076623441425,INCLUDES
started,ended,start,end,VVD|VVD,v|v,B-VP|B-VP,O|O,TRUE,TRUE,5,1,ASPECTUAL|ASPECTUAL,PAST|PAST,NONE|NONE,pos|pos,TRUE,TRUE,TRUE,TRUE,O,MAIN|MAIN,O|O,O|O,O|O,O|O,NOCOREF,-0.0,BEFORE
started,sparking,start,spark,VVD|VVG,v|v,B-VP|B-NP,O|O,FALSE,TRUE,2,0,ASPECTUAL|ASPECTUAL,PAST|NONE,NONE|NONE,pos|NONE,TRUE,FALSE,TRUE,FALSE,ADV,MAIN|O,earlier|BETWEEN,TMP|O,O|O,O|O,NOCOREF,0.4585118970562663,SIMULTANEOUS
started,turn,start,turn,VVD|VVB,v|v,B-VP|I-VP,O|O,FALSE,TRUE,3,0,ASPECTUAL|OCCURRENCE,PAST|PRESENT,NONE|NONE,pos|pos,FALSE,FALSE,TRUE,TRUE,ADV-OBJ-VC,MAIN|O,earlier|BETWEEN,TMP|O,O|O,O|O,NOCOREF,0.09059214847358134,BEFORE
ended,said,end,say,VVD|VVD,v|v,B-VP|B-VP,O|O,TRUE,TRUE,5,1,ASPECTUAL|REPORTING,PAST|PAST,NONE|NONE,pos|pos,FALSE,TRUE,TRUE,TRUE,O,MAIN|MAIN,O|O,O|O,O|O,O|O,NOCOREF,0.0,BEFORE
ended,according,end,accord,VVD|VVG,v|v,B-VP|B-PP,O|O,FALSE,TRUE,1,0,ASPECTUAL|REPORTING,PAST|NONE,NONE|NONE,pos|NONE,FALSE,FALSE,TRUE,FALSE,COORD-CONJ-ADV,MAIN|O,O|O,O|O,O|O,O|O,NOCOREF,-0.0,BEFORE
reported,said,report,say,VVN|VVD,v|v,I-VP|B-VP,O|O,FALSE,TRUE,2,0,REPORTING|REPORTING,PAST|PAST,NONE|NONE,pos|pos,TRUE,TRUE,TRUE,TRUE,OBJ-VC,O|MAIN,O|O,O|O,CAUSE-AMBIGUOUS|BETWEEN,COORD-CONJ|OBJ-COORD-CONJ,NOCOREF,0.0,BEFORE
said,said,say,say,VVD|VVD,v|v,B-VP|B-VP,O|O,TRUE,TRUE,1,0,REPORTING|REPORTING,PAST|PAST,NONE|NONE,pos|pos,TRUE,TRUE,TRUE,TRUE,OBJ,MAIN|O,O|O,O|O,O|O,O|O,COREF,1.7976931348623157E308,SIMULTANEOUS
pandemic,died,pandemic,die,NN1|VVD,n|v,I-NP|B-VP,O|O,FALSE,FALSE,1,0,OCCURRENCE|OCCURRENCE,NONE|PAST,NONE|NONE,NONE|pos,TRUE,FALSE,TRUE,FALSE,NMOD-PMOD-NMOD,O|O,when|BETWEEN,NMOD-PMOD-NMOD-TMP|TMP,O|O,O|O,NOCOREF,0.0,INCLUDES
died,said,die,say,VVD|VVD,v|v,B-VP|B-VP,O|O,TRUE,TRUE,3,0,OCCURRENCE|REPORTING,PAST|PAST,NONE|NONE,pos|pos,FALSE,TRUE,TRUE,TRUE,OBJ-SBJ-NMOD,O|MAIN,O|O,O|O,CAUSE-AMBIGUOUS|BETWEEN,O|OBJ-COORD-CONJ-VC,NOCOREF,0.0,BEFORE
vaccinated,said,vaccinate,say,VVN|VVD,v|v,I-VP|B-VP,O|O,FALSE,TRUE,2,0,OCCURRENCE|REPORTING,PASTPART|PAST,NONE|NONE,pos|pos,FALSE,FALSE,TRUE,TRUE,OBJ-PRD-AMOD-IM-VC,O|MAIN,O|O,O|O,CAUSE-AMBIGUOUS|BETWEEN,O|OBJ-COORD-CONJ-VC,NOCOREF,0.0,BEFORE
vaccinated,said,vaccinate,say,VVN|VVD,v|v,I-VP|B-VP,O|O,FALSE,TRUE,1,0,OCCURRENCE|REPORTING,NONE|PAST,NONE|NONE,NONE|pos,FALSE,FALSE,TRUE,FALSE,OBJ-COORD-CONJ-VC-VC,O|MAIN,O|O,O|O,O|O,O|O,NOCOREF,0.0,BEFORE
said,work,say,work,VVD|NN1,v|v,B-VP|I-VP,O|O,FALSE,TRUE,3,1,REPORTING|OCCURRENCE,PAST|NONE,NONE|NONE,pos|NONE,FALSE,FALSE,TRUE,FALSE,O,MAIN|O,O|O,O|O,O|O,O|O,NOCOREF,0.0,AFTER
hospitalized,started,hospitalize,start,VVN|VVD,v|v,I-VP|B-VP,O|O,FALSE,TRUE,4,2,OCCURRENCE|ASPECTUAL,PAST|PAST,NONE|NONE,pos|pos,FALSE,TRUE,TRUE,TRUE,O,MAIN|MAIN,O|O,O|O,O|O,O|O,NOCOREF,0.0,INCLUDES
started,dropping,start,drop,VVD|VVG,v|v,B-VP|I-VP,O|O,FALSE,TRUE,5,1,ASPECTUAL|OCCURRENCE,PAST|PRESENT,NONE|PERFECTIVE_PROGRESSIVE,pos|pos,FALSE,FALSE,FALSE,TRUE,O,MAIN|MAIN,afterwards|BEGIN-BETWEEN,O|TMP-PMOD,therefore|BEGIN-BETWEEN,O|TMP-PMOD,NOCOREF,0.09059214847358134,BEFORE
conquered,died,conquered,die,AJ0|VVN,adj|v,B-VP|I-VP,O|O,FALSE,FALSE,2,0,OCCURRENCE|OCCURRENCE,NONE|PRESENT,NONE|PERFECTIVE,NONE|pos,TRUE,FALSE,FALSE,FALSE,SBJ-NMOD-PMOD-NMOD-NMOD,O|MAIN,O|O,O|O,O|O,O|O,NOCOREF,0.0,BEFORE
died,died,die,die,VVN|VVD,v|v,I-VP|B-VP,O|O,FALSE,TRUE,1,1,OCCURRENCE|OCCURRENCE,PRESENT|PAST,PERFECTIVE|NONE,pos|pos,TRUE,FALSE,FALSE,TRUE,O,MAIN|MAIN,O|O,O|O,O|O,O|O,COREF,1.7976931348623157E308,SIMULTANEOUS
died,remained,die,remain,VVN|VVD,v|v,I-VP|I-VP,O|O,FALSE,TRUE,46,18,OCCURRENCE|STATE,PRESENT|PAST,PERFECTIVE|NONE,pos|pos,FALSE,FALSE,FALSE,TRUE,O,MAIN|O,later|BEGIN-BETWEEN,O|O,O|O,O|O,NOCOREF,-0.0,ENDS
died,helped,die,help,VVD|VVD,v|v,B-VP|B-VP,O|O,TRUE,TRUE,3,1,OCCURRENCE|I_STATE,PAST|PAST,NONE|NONE,pos|pos,FALSE,TRUE,TRUE,TRUE,O,MAIN|O,O|O,O|O,O|O,O|O,NOCOREF,-0.0,AFTER
helped,paid,help,pay,VVD|VVD,v|v,B-VP|B-VP,O|O,TRUE,TRUE,2,1,I_STATE|OCCURRENCE,PAST|PAST,NONE|NONE,pos|pos,FALSE,TRUE,TRUE,TRUE,O,O|MAIN,O|O,O|O,O|O,O|O,NOCOREF,0.11140991437470953,BEFORE
paid,took,pay,take,VVD|VVD,v|v,B-VP|B-VP,O|O,TRUE,TRUE,2,1,OCCURRENCE|OCCURRENCE,PAST|PAST,NONE|NONE,pos|pos,TRUE,TRUE,TRUE,TRUE,O,MAIN|MAIN,still|BEGIN-BETWEEN,O|ADV,O|O,O|O,NOCOREF,0.54221495406027,AFTER
paid,shunned,pay,shun,VVD|VVD,v|v,B-VP|B-VP,O|O,TRUE,TRUE,1,0,OCCURRENCE|OCCURRENCE,PAST|PAST,NONE|NONE,pos|pos,TRUE,TRUE,TRUE,TRUE,DTV-PMOD-COORD-CONJ-NMOD,MAIN|O,O|O,O|O,O|O,O|O,NOCOREF,-0.0,AFTER
took,made,take,make,VVD|VVD,v|v,B-VP|B-VP,O|O,TRUE,TRUE,4,1,OCCURRENCE|OCCURRENCE,PAST|PAST,NONE|NONE,pos|pos,TRUE,TRUE,TRUE,TRUE,O,MAIN|MAIN,later|BEGIN-BETWEEN,O|TMP,O|O,O|O,NOCOREF,0.07658811871630476,BEFORE
took,expedition,take,expedition,VVD|NN1,v|n,B-VP|I-NP,O|O,FALSE,FALSE,1,0,OCCURRENCE|OCCURRENCE,PAST|NONE,NONE|NONE,pos|NONE,TRUE,FALSE,TRUE,FALSE,LOC-PMOD,MAIN|O,still|BETWEEN,ADV|O,O|O,O|O,NOCOREF,0.07743709393542302,SIMULTANEOUS
took,made,take,make,VVD|VVD,v|v,B-VP|B-VP,O|O,TRUE,TRUE,2,0,OCCURRENCE|OCCURRENCE,PAST|PAST,NONE|NONE,pos|pos,TRUE,TRUE,TRUE,TRUE,LOC-PMOD-NMOD,MAIN|O,still|BETWEEN,ADV|O,O|O,O|O,NOCOREF,0.07658811871630476,SIMULTANEOUS
took,crossing,take,crossing,VVD|NN1,v|n,B-VP|I-NP,O|O,FALSE,FALSE,3,0,OCCURRENCE|OCCURRENCE,PAST|PAST,NONE|NONE,pos|pos,TRUE,TRUE,TRUE,TRUE,LOC-PMOD-NMOD-OBJ,MAIN|O,still|BETWEEN,ADV|O,CAUSE-AMBIGUOUS|BETWEEN,LOC-PMOD-NMOD|OBJ,NOCOREF,0.07170427105692957,SIMULTANEOUS
made,said,make,say,VVD|VVD,v|v,B-VP|B-VP,O|O,TRUE,TRUE,3,1,OCCURRENCE|REPORTING,PAST|PAST,NONE|NONE,pos|pos,FALSE,TRUE,TRUE,TRUE,O,MAIN|MAIN,later|BEGIN-BETWEEN,TMP|O,O|O,O|O,NOCOREF,0.0,BEFORE
made,expeditions,make,expedition,VVD|NN2,v|n,B-VP|B-NP,O|O,FALSE,FALSE,1,0,OCCURRENCE|OCCURRENCE,PAST|PAST,NONE|NONE,pos|pos,TRUE,TRUE,TRUE,TRUE,OBJ,MAIN|O,later|BETWEEN,TMP|O,O|O,O|O,NOCOREF,0.17333809310035514,SIMULTANEOUS
said,had,say,have,VVD|VVD,v|v,B-VP|B-VP,O|O,TRUE,TRUE,6,2,REPORTING|STATE,PAST|PAST,NONE|NONE,pos|pos,FALSE,TRUE,TRUE,TRUE,O,MAIN|MAIN,O|O,O|O,O|O,O|O,NOCOREF,0.0,AFTER
said,estimated,say,estimate,VVD|VVD,v|v,B-VP|B-VP,O|O,TRUE,TRUE,1,0,REPORTING|I_STATE,PAST|PAST,NONE|NONE,pos|pos,FALSE,TRUE,TRUE,TRUE,COORD,MAIN|O,O|O,O|O,O|O,O|O,NOCOREF,0.0,AFTER
said,do,say,do,VVD|VVB,v|v,B-VP|I-VP,O|O,FALSE,TRUE,2,0,REPORTING|OCCURRENCE,PAST|PRESENT,NONE|NONE,pos|pos,FALSE,FALSE,TRUE,TRUE,COORD-OBJ-VC,MAIN|O,O|O,O|O,O|O,O|O,NOCOREF,0.0,AFTER
said,got,say,get,VVD|VVD,v|v,B-VP|B-VP,O|O,TRUE,TRUE,4,0,REPORTING|OCCURRENCE,PAST|PAST,NONE|NONE,pos|pos,FALSE,TRUE,TRUE,TRUE,COORD-COORD-CONJ,MAIN|O,O|O,O|O,O|O,O|O,NOCOREF,0.0,AFTER
pleased,thought,please,think,VVN|VVD,v|v,I-VP|B-VP,O|O,FALSE,TRUE,2,0,I_STATE|I_STATE,PAST|PAST,NONE|NONE,pos|pos,TRUE,TRUE,TRUE,TRUE,OBJ-SUB-COORD-CONJ,MAIN|O,O|O,O|O,O|O,O|O,NOCOREF,-0.0,SIMULTANEOUS
knew,thought,know,think,VVD|VVD,v|v,B-VP|B-VP,O|O,TRUE,TRUE,1,0,I_STATE|I_STATE,PAST|PAST,NONE|NONE,pos|pos,TRUE,TRUE,TRUE,TRUE,COORD-CONJ,O|O,O|O,O|O,O|O,O|O,COREF,0.0,SIMULTANEOUS
thought,talked,think,talk,VVD|VVD,v|v,B-VP|B-VP,O|O,TRUE,TRUE,2,1,I_STATE|REPORTING,PAST|PAST,NONE|NONE,pos|pos,FALSE,TRUE,TRUE,TRUE,O,O|MAIN,still|BEGIN-BETWEEN,O|ADV,O|O,O|O,NOCOREF,0.0,BEFORE
thought,stop,think,stop,VVD|VVB,v|v,B-VP|I-VP,O|O,FALSE,TRUE,1,0,I_STATE|OCCURRENCE,PAST|PRESENT,NONE|NONE,pos|pos,FALSE,FALSE,TRUE,TRUE,OBJ-OBJ-VC,O|O,O|O,O|O,CAUSE-AMBIGUOUS|BETWEEN,OBJ|OBJ-VC,NOCOREF,0.0,BEFORE
talked,wear,talk,wear,VVD|VVB,v|v,B-VP|I-VP,O|O,FALSE,TRUE,1,0,REPORTING|OCCURRENCE,PAST|NONE,NONE|NONE,pos|NONE,FALSE,FALSE,TRUE,FALSE,COORD-CONJ-OPRD-IM,MAIN|O,as|BETWEEN,ADV-PMOD-NMOD|O,as|BETWEEN,ADV-PMOD-NMOD|O,NOCOREF,0.0,AFTER
talked,work,talk,work,VVD|VVB,v|v,B-VP|I-VP,O|O,FALSE,TRUE,2,0,REPORTING|OCCURRENCE,PAST|INFINITIVE,NONE|NONE,pos|pos,FALSE,FALSE,TRUE,TRUE,COORD-CONJ-OPRD-IM-PRP-IM,MAIN|O,as|BETWEEN,ADV-PMOD-NMOD|O,as|BETWEEN,ADV-PMOD-NMOD|O,NOCOREF,0.11518221577394147,AFTER
met,called,meet,call,VVD|VVD,v|v,B-VP|B-VP,O|O,TRUE,TRUE,2,0,OCCURRENCE|REPORTING,PAST|PAST,NONE|NONE,pos|pos,FALSE,TRUE,TRUE,TRUE,SBJ-APPO-LOC-PMOD-NMOD,O|MAIN,former|BETWEEN,O|SBJ-APPO-NMOD,O|O,O|O,COREF,-0.0,BEFORE
called,said,call,say,VVD|VVD,v|v,B-VP|B-VP,O|O,TRUE,TRUE,1,1,REPORTING|REPORTING,PAST|PAST,NONE|NONE,pos|pos,TRUE,TRUE,TRUE,TRUE,O,MAIN|MAIN,O|O,O|O,O|O,O|O,COREF,0.0,SIMULTANEOUS
said,published,say,publish,VVD|VVN,v|v,B-VP|I-VP,O|O,FALSE,TRUE,3,1,REPORTING|OCCURRENCE,PAST|PASTPART,NONE|NONE,pos|pos,FALSE,FALSE,TRUE,TRUE,O,MAIN|O,then|BEGIN-BETWEEN,OBJ-COORD-CONJ-ADV|O,O|O,O|O,NOCOREF,-0.0,BEFORE
published,said,publish,say,VVN|VVD,v|v,I-VP|B-VP,O|O,FALSE,TRUE,2,1,OCCURRENCE|REPORTING,PASTPART|PAST,NONE|NONE,pos|pos,FALSE,FALSE,TRUE,TRUE,O,O|MAIN,O|O,O|O,O|O,O|O,NOCOREF,-0.0,AFTER
said,involved,say,involve,VVD|VVN,v|v,B-VP|I-VP,O|O,FALSE,TRUE,5,1,REPORTING|OCCURRENCE,PAST|PAST,NONE|NONE,pos|pos,FALSE,TRUE,TRUE,TRUE,O,MAIN|MAIN,O|O,O|O,O|O,O|O,NOCOREF,-0.0,AFTER
said,sought,say,seek,VVD|VVD,v|v,B-VP|B-VP,O|O,TRUE,TRUE,1,0,REPORTING|OCCURRENCE,PAST|PAST,NONE|NONE,pos|pos,FALSE,TRUE,TRUE,TRUE,COORD-PRD-NMOD,MAIN|O,O|O,O|O,O|O,O|O,NOCOREF,0.0,AFTER
said,deserve,say,deserve,VVD|VVI,v|v,B-VP|B-VP,O|O,FALSE,TRUE,4,0,REPORTING|OCCURRENCE,PAST|PRESENT,NONE|NONE,pos|pos,FALSE,FALSE,TRUE,TRUE,COORD-COORD-CONJ,MAIN|O,O|O,O|O,from|BETWEEN,COORD-COORD-CONJ-DEP|DEP,NOCOREF,-0.0,SIMULTANEOUS
involved,worked,involve,work,VVN|VVD,v|v,I-VP|B-VP,O|O,FALSE,TRUE,7,1,OCCURRENCE|OCCURRENCE,PAST|PAST,NONE|NONE,pos|pos,TRUE,TRUE,TRUE,TRUE,O,MAIN|MAIN,before|BEGIN-BETWEEN,O|TMP,O|O,O|O,NOCOREF,-0.0,BEFORE
involved,remained,involve,remain,VVN|VVD,v|v,I-VP|I-VP,O|O,FALSE,TRUE,3,0,OCCURRENCE|STATE,PAST|PAST,NONE|NONE,pos|pos,FALSE,TRUE,TRUE,TRUE,COORD-CONJ,MAIN|O,O|O,O|O,O|O,O|O,NOCOREF,-0.0,SIMULTANEOUS
retiring,worked,retire,work,VVG|VVD,v|v,B-VP|B-VP,O|O,FALSE,TRUE,2,0,OCCURRENCE|OCCURRENCE,PRESPART|PAST,NONE|NONE,pos|pos,TRUE,FALSE,TRUE,TRUE,TMP-PMOD,O|MAIN,before|BETWEEN,PMOD|TMP,O|O,O|O,NOCOREF,-0.0,AFTER
worked,died,work,die,VVD|VVD,v|v,B-VP|B-VP,O|O,TRUE,TRUE,3,1,OCCURRENCE|OCCURRENCE,PAST|PAST,NONE|NONE,pos|pos,TRUE,TRUE,TRUE,TRUE,O,MAIN|MAIN,before|BEGIN-BETWEEN,TMP|O,O|O,O|O,COREF,-0.0,BEFORE
leaves,marriage,leave,marriage,NN0|NN1,v|n,B-VP|I-NP,O|O,FALSE,FALSE,1,0,OCCURRENCE|OCCURRENCE,PRESENT|NONE,NONE|NONE,pos|NONE,TRUE,FALSE,TRUE,FALSE,OBJ-NMOD-PMOD,O|O,before|BEGIN,O|O,from|BETWEEN,OBJ-NMOD|PMOD,NOCOREF,0.08539960938002293,AFTER
errors,loss,error,loss,NN2|NN1,n|n,I-NP|B-NP,O|O,FALSE,TRUE,2,0,OCCURRENCE|OCCURRENCE,NONE|NONE,NONE|NONE,NONE|NONE,TRUE,TRUE,TRUE,TRUE,NMOD-VC-VC-ADV-PMOD,O|O,during|AFTER,NMOD-VC-VC-ADV-PMOD-TMP|TMP,O|O,O|O,NOCOREF,0.09800934363153949,BEFORE
apologised,led,apologise,lead,VVN|VVN,v|v,I-VP|I-VP,O|O,TRUE,TRUE,2,0,OCCURRENCE|OCCURRENCE,PRESENT|NONE,PERFECTIVE|PERFECTIVE,pos|pos,TRUE,FALSE,TRUE,TRUE,ADV-PMOD-NMOD-VC-VC,MAIN|O,O|O,O|O,O|O,O|O,NOCOREF,-0.0,AFTER
apologised,loss,apologise,loss,VVN|NN1,v|n,I-VP|B-NP,O|O,FALSE,FALSE,3,0,OCCURRENCE|OCCURRENCE,PRESENT|NONE,PERFECTIVE|NONE,pos|NONE,TRUE,FALSE,FALSE,FALSE,ADV-PMOD-NMOD-VC-VC-ADV-PMOD,MAIN|O,during|AFTER,VC-ADV-PMOD-NMOD-VC-VC-ADV-PMOD-TMP|TMP,O|O,O|O,NOCOREF,0.0,AFTER
loss,raid,loss,raid,NN1|NN1,n|n,B-NP|I-NP,O|O,TRUE,TRUE,1,0,OCCURRENCE|OCCURRENCE,NONE|NONE,NONE|NONE,NONE|NONE,TRUE,TRUE,TRUE,TRUE,TMP-PMOD,O|O,during|BETWEEN,TMP|PMOD,O|O,O|O,NOCOREF,0.08269942882088153,IS_INCLUDED
apologised,raid,apologise,raid,VVN|NN1,v|n,I-VP|I-NP,O|O,FALSE,FALSE,4,0,OCCURRENCE|OCCURRENCE,PRESENT|NONE,PERFECTIVE|NONE,pos|NONE,TRUE,FALSE,FALSE,FALSE,ADV-PMOD-NMOD-VC-VC-ADV-PMOD-TMP-PMOD,MAIN|O,during|BETWEEN,VC-ADV-PMOD-NMOD-VC-VC-ADV-PMOD-TMP|PMOD,O|O,O|O,NOCOREF,-0.0,AFTER
apologised,tried,apologise,try,VVN|VVD,v|v,I-VP|B-VP,O|O,FALSE,TRUE,5,0,OCCURRENCE|I_ACTION,PRESENT|PAST,PERFECTIVE|NONE,pos|pos,FALSE,FALSE,FALSE,TRUE,ADV-PMOD-NMOD-VC-VC-ADV-PMOD-TMP-PMOD-NMOD-PMOD-NMOD,MAIN|O,during|BETWEEN,VC-ADV-PMOD-NMOD-VC-VC-ADV-PMOD-TMP|PMOD-NMOD-PMOD-NMOD,O|O,O|O,NOCOREF,-0.0,AFTER
tried,blockade,try,blockade,VVD|NN1,v|n,B-VP|I-NP,O|O,FALSE,FALSE,2,0,I_ACTION|OCCURRENCE,PAST|INFINITIVE,NONE|NONE,pos|pos,FALSE,FALSE,TRUE,TRUE,OPRD-IM-OBJ,O|O,O|O,O|O,O|O,O|O,NOCOREF,0.34178533346009593,IS_INCLUDED
apologised,breach,apologise,breach,VVN|VVB,v|v,I-VP|I-VP,O|O,FALSE,TRUE,6,0,OCCURRENCE|I_STATE,PRESENT|INFINITIVE,PERFECTIVE|NONE,pos|pos,FALSE,FALSE,FALSE,TRUE,ADV-PMOD-NMOD-VC-VC-ADV-PMOD-TMP-PMOD-NMOD-PMOD-NMOD-OPRD-IM,MAIN|O,during|BETWEEN,VC-ADV-PMOD-NMOD-VC-VC-ADV-PMOD-TMP|PMOD-NMOD-PMOD-NMOD-OPRD-IM,O|O,O|O,NOCOREF,-0.0,AFTER
agreed,expressed,agree,express,VVD|VVN,v|v,B-VP|I-NP,O|O,FALSE,TRUE,3,1,I_ACTION|OCCURRENCE,PAST|NONE,NONE|NONE,pos|NONE,FALSE,FALSE,TRUE,FALSE,O,MAIN|O,formerly|BEGIN-BETWEEN,O|O,O|O,O|O,NOCOREF,-0.0,AFTER
agreed,compensate,agree,compensate,VVD|VVB,v|v,B-VP|I-VP,O|O,FALSE,TRUE,1,0,I_ACTION|OCCURRENCE,PAST|INFINITIVE,NONE|NONE,pos|pos,FALSE,FALSE,TRUE,TRUE,OPRD-IM,MAIN|O,still|BETWEEN,ADV|O,O|O,O|O,NOCOREF,-0.0,BEFORE
agreed,killed,agree,kill,VVD|VVN,v|v,B-VP|I-VP,O|O,FALSE,TRUE,2,0,I_ACTION|OCCURRENCE,PAST|PAST,NONE|NONE,pos|pos,FALSE,TRUE,TRUE,TRUE,OPRD-IM-OBJ-NMOD-PMOD-NMOD-VC,MAIN|O,still|BETWEEN,ADV|O,O|O,O|O,NOCOREF,-0.0,AFTER
expressed,deal,express,deal,VVN|NN1,v|n,I-NP|I-NP,O|O,FALSE,FALSE,2,1,OCCURRENCE|OCCURRENCE,NONE|PAST,NONE|NONE,NONE|pos,TRUE,FALSE,TRUE,FALSE,O,O|O,formerly|BEGIN-BEFORE,O|O,O|O,O|O,NOCOREF,0.4849966040411385,BEFORE
apologised,expressed,apologise,express,VVN|VVN,v|v,I-VP|I-NP,O|O,TRUE,TRUE,11,2,OCCURRENCE|OCCURRENCE,PRESENT|NONE,PERFECTIVE|NONE,pos|NONE,TRUE,FALSE,FALSE,FALSE,O,MAIN|O,formerly|BEGIN-BETWEEN,O|O,O|O,O|O,NOCOREF,-0.0,AFTER
expressed,deaths,express,death,VVN|NN2,v|n,I-NP|I-NP,O|O,FALSE,FALSE,1,0,OCCURRENCE|OCCURRENCE,NONE|NONE,NONE|NONE,NONE|NONE,TRUE,TRUE,TRUE,TRUE,O,O|O,formerly|BETWEEN,O|O,O|O,O|O,NOCOREF,0.0,AFTER
deal,said,deal,say,NN1|VVD,n|v,I-NP|B-VP,O|O,FALSE,FALSE,3,1,OCCURRENCE|REPORTING,PAST|PAST,NONE|NONE,pos|pos,FALSE,TRUE,TRUE,TRUE,O,O|MAIN,O|O,O|O,O|O,O|O,NOCOREF,0.0,BEFORE
deal,brokered,deal,broker,NN1|VVN,n|v,I-NP|I-VP,O|O,FALSE,FALSE,1,0,OCCURRENCE|OCCURRENCE,PAST|PAST,NONE|NONE,pos|pos,TRUE,TRUE,TRUE,TRUE,SBJ,O|MAIN,during|AFTER,O|VC-TMP,O|O,O|O,NOCOREF,-0.0,SIMULTANEOUS
brokered,visit,broker,visit,VVN|NN1,v|n,I-VP|I-NP,O|O,FALSE,FALSE,1,0,OCCURRENCE|OCCURRENCE,PAST|NONE,NONE|NONE,pos|NONE,TRUE,FALSE,TRUE,FALSE,TMP-PMOD,MAIN|O,during|BETWEEN,VC-TMP|PMOD,by|BETWEEN,VC-LGS|O,NOCOREF,-0.0,IS_INCLUDED
deal,visit,deal,visit,NN1|NN1,n|n,I-NP|I-NP,O|O,TRUE,TRUE,2,0,OCCURRENCE|OCCURRENCE,PAST|NONE,NONE|NONE,pos|NONE,TRUE,FALSE,TRUE,FALSE,O,O|O,during|BETWEEN,O|PMOD,by|BETWEEN,O|O,NOCOREF,0.48529986984171936,IS_INCLUDED
said,given,say,give,VVD|VVN,v|v,B-VP|B-VP,O|O,FALSE,TRUE,4,1,REPORTING|OCCURRENCE,PAST|PRESENT,NONE|PERFECTIVE,pos|pos,FALSE,FALSE,FALSE,TRUE,O,MAIN|MAIN,O|O,O|O,O|O,O|O,NOCOREF,0.0,AFTER
said,accepted,say,accept,VVD|VVN,v|v,B-VP|I-VP,O|O,FALSE,TRUE,1,0,REPORTING|OCCURRENCE,PAST|PAST,NONE|PERFECTIVE,pos|pos,FALSE,TRUE,FALSE,TRUE,OBJ-VC,MAIN|O,O|O,O|O,O|O,O|O,NOCOREF,-0.0,AFTER
accepted,apology,accept,apology,VVN|NN1,v|n,I-VP|I-NP,O|O,FALSE,FALSE,1,0,OCCURRENCE|OCCURRENCE,PAST|PAST,PERFECTIVE|PERFECTIVE,pos|pos,TRUE,TRUE,TRUE,TRUE,OBJ,O|O,O|O,O|O,O|O,O|O,NOCOREF,0.0,AFTER
snow,said,snow,say,NN1|VVD,n|v,I-NP|B-VP,O|O,FALSE,FALSE,8,1,OCCURRENCE|REPORTING,PRESENT|PAST,PROGRESSIVE|NONE,pos|pos,FALSE,FALSE,FALSE,TRUE,O,O|MAIN,O|O,O|O,O|O,O|O,NOCOREF,0.0,INCLUDES
causing,comes,cause,come,VVG|NN0,v|v,I-VP|B-VP,O|O,FALSE,TRUE,17,5,OCCURRENCE|OCCURRENCE,PRESENT|PRESENT,PROGRESSIVE|NONE,pos|pos,TRUE,TRUE,FALSE,TRUE,O,MAIN|MAIN,during|BEGIN-BETWEEN,O|PRT,O|O,O|O,NOCOREF,0.0,INCLUDES
snow,bringing,snow,bring,NN1|VVG,n|v,I-NP|I-NP,O|O,FALSE,FALSE,4,0,OCCURRENCE|ASPECTUAL,PRESENT|NONE,PROGRESSIVE|NONE,pos|NONE,FALSE,FALSE,FALSE,FALSE,O,O|O,O|O,O|O,CAUSE|BETWEEN,O|OPRD-IM-ADV-PMOD,NOCOREF,-0.0,SIMULTANEOUS
said,affected,say,affect,VVD|VVN,v|v,B-VP|I-VP,O|O,FALSE,TRUE,2,1,REPORTING|I_STATE,PAST|PAST,NONE|NONE,pos|pos,FALSE,TRUE,TRUE,TRUE,O,MAIN|MAIN,O|O,O|O,O|O,O|O,NOCOREF,0.0,IS_INCLUDED
said,found,say,find,VVD|VVN,v|v,B-VP|I-VP,O|O,FALSE,TRUE,1,0,REPORTING|OCCURRENCE,PAST|PAST,NONE|PERFECTIVE,pos|pos,FALSE,TRUE,FALSE,TRUE,OBJ-VC,MAIN|O,O|O,O|O,O|O,O|O,NOCOREF,0.0,AFTER
affected,postponed,affect,postpone,VVN|VVN,v|v,I-VP|I-VP,O|O,TRUE,TRUE,5,1,I_STATE|I_ACTION,PAST|PRESENT,NONE|PERFECTIVE,pos|pos,FALSE,FALSE,FALSE,TRUE,O,MAIN|MAIN,O|O,O|O,O|O,O|O,NOCOREF,-0.0,INCLUDES
affected,starting,affect,start,VVN|VVG,v|v,I-VP|I-VP,O|O,FALSE,TRUE,2,0,I_STATE|ASPECTUAL,PAST|PRESENT,NONE|PROGRESSIVE,pos|pos,FALSE,FALSE,FALSE,TRUE,COORD-CONJ,MAIN|O,O|O,O|O,by|BETWEEN,VC-LGS|O,NOCOREF,0.08033409123874358,INCLUDES
affected,restored,affect,restore,VVN|VVN,v|v,I-VP|I-VP,O|O,TRUE,TRUE,3,0,I_STATE|STATE,PAST|INFINITIVE,NONE|NONE,pos|pos,FALSE,FALSE,TRUE,TRUE,COORD-CONJ-VC-OPRD-IM,MAIN|O,O|O,O|O,by|BETWEEN,VC-LGS|O,NOCOREF,-0.0,INCLUDES
said,said,say,say,VVD|VVD,v|v,I-VP|B-VP,O|O,TRUE,TRUE,4,1,REPORTING|REPORTING,PAST|PAST,NONE|NONE,pos|pos,TRUE,TRUE,TRUE,TRUE,O,MAIN|MAIN,O|O,O|O,O|O,O|O,COREF,1.7976931348623157E308,SIMULTANEOUS
said,buy,say,buy,VVD|VVB,v|v,I-VP|I-VP,O|O,FALSE,TRUE,1,0,REPORTING|OCCURRENCE,PAST|FUTURE,NONE|NONE,pos|pos,FALSE,FALSE,TRUE,TRUE,OBJ-VC,MAIN|O,O|O,O|O,O|O,O|O,NOCOREF,0.0,BEFORE
said,returning,say,return,VVD|VVG,v|v,I-VP|B-VP,O|O,FALSE,TRUE,2,0,REPORTING|OCCURRENCE,PAST|PRESPART,NONE|NONE,pos|pos,FALSE,FALSE,TRUE,TRUE,OBJ-VC-ADV,MAIN|O,O|O,O|O,O|O,O|O,NOCOREF,0.0,BEFORE
said,put,say,put,VVD|VVN,v|v,I-VP|I-VP,O|O,FALSE,TRUE,3,0,REPORTING|OCCURRENCE,PAST|PAST,NONE|PERFECTIVE,pos|pos,FALSE,TRUE,FALSE,TRUE,OBJ-VC-ADV-OBJ-NMOD-VC,MAIN|O,O|O,O|O,O|O,O|O,NOCOREF,0.0,AFTER
said,agreed,say,agree,VVD|VVD,v|v,B-VP|B-VP,O|O,TRUE,TRUE,4,1,REPORTING|I_ACTION,PAST|PAST,NONE|NONE,pos|pos,FALSE,TRUE,TRUE,TRUE,O,MAIN|MAIN,O|O,O|O,O|O,O|O,NOCOREF,-0.0,AFTER
said,expected,say,expect,VVD|VVN,v|v,B-VP|B-VP,O|O,FALSE,TRUE,1,0,REPORTING|I_STATE,PAST|PASTPART,NONE|NONE,pos|pos,FALSE,FALSE,TRUE,TRUE,OBJ-VC,MAIN|O,O|O,O|O,O|O,O|O,NOCOREF,-0.0,IS_INCLUDED
said,return,say,return,VVD|VVB,v|v,B-VP|I-VP,O|O,FALSE,TRUE,2,0,REPORTING|OCCURRENCE,PAST|INFINITIVE,NONE|NONE,pos|pos,FALSE,FALSE,TRUE,TRUE,OBJ-VC-OPRD-IM,MAIN|O,O|O,O|O,O|O,O|O,NOCOREF,0.0,BEFORE
said,investment,say,investment,VVD|NN1,v|n,B-VP|I-NP,O|O,FALSE,FALSE,3,0,REPORTING|OCCURRENCE,PAST|NONE,NONE|NONE,pos|NONE,FALSE,FALSE,TRUE,FALSE,OBJ-VC-OPRD-IM-DIR-PMOD-SBJ-APPO-AMOD-PMOD-NMOD-PMOD,MAIN|O,O|O,O|O,O|O,O|O,NOCOREF,0.0,AFTER
agreed,invested,agree,invest,VVD|VVD,v|v,B-VP|B-VP,O|O,TRUE,TRUE,3,1,I_ACTION|OCCURRENCE,PAST|PAST,NONE|NONE,pos|pos,FALSE,TRUE,TRUE,TRUE,O,MAIN|MAIN,O|O,O|O,O|O,O|O,NOCOREF,-0.0,AFTER
agreed,sell,agree,sell,VVD|VVB,v|v,B-VP|I-VP,O|O,FALSE,TRUE,1,0,I_ACTION|OCCURRENCE,PAST|INFINITIVE,NONE|NONE,pos|pos,FALSE,FALSE,TRUE,TRUE,OPRD-IM,MAIN|MAIN,O|O,O|O,O|O,O|O,NOCOREF,-0.0,BEFORE
invested,said,invest,say,VVD|VVD,v|v,B-VP|B-VP,O|O,TRUE,TRUE,2,1,OCCURRENCE|REPORTING,PAST|PAST,NONE|NONE,pos|pos,FALSE,TRUE,TRUE,TRUE,O,MAIN|MAIN,O|O,O|O,O|O,O|O,NOCOREF,-0.0,BEFORE
said,allow,say,allow,VVD|VVB,v|v,B-VP|B-VP,O|O,FALSE,TRUE,3,1,REPORTING|I_ACTION,PAST|PRESENT,NONE|NONE,pos|pos,FALSE,FALSE,TRUE,TRUE,O,MAIN|MAIN,O|O,O|O,O|O,O|O,NOCOREF,-0.0,BEFORE
said,expect,say,expect,VVD|VVI,v|v,B-VP|B-VP,O|O,FALSE,TRUE,1,0,REPORTING|I_STATE,PAST|PRESENT,NONE|NONE,pos|pos,FALSE,FALSE,TRUE,TRUE,OBJ-SBJ-NMOD,MAIN|O,O|O,O|O,O|O,O|O,NOCOREF,-0.0,IS_INCLUDED
said,generate,say,generate,VVD|VVB,v|v,B-VP|I-VP,O|O,FALSE,TRUE,2,0,REPORTING|OCCURRENCE,PAST|FUTURE,NONE|NONE,pos|pos,FALSE,FALSE,TRUE,TRUE,OBJ-VC,MAIN|O,O|O,O|O,O|O,O|O,NOCOREF,-0.0,BEFORE
allow,expects,allow,expect,VVB|NN0,v|v,B-VP|B-VP,O|O,FALSE,TRUE,4,1,I_ACTION|I_STATE,PRESENT|PRESENT,NONE|NONE,pos|pos,FALSE,TRUE,TRUE,TRUE,O,MAIN|MAIN,O|O,O|O,O|O,O|O,NOCOREF,-0.0,AFTER
allow,see,allow,see,VVB|VVB,v|v,B-VP|I-VP,O|O,TRUE,TRUE,1,0,I_ACTION|OCCURRENCE,PRESENT|INFINITIVE,NONE|NONE,pos|pos,FALSE,FALSE,TRUE,TRUE,OPRD-IM,MAIN|O,still|BETWEEN,ADV|O,from|AFTER,VC-OPRD-IM-LOC-PMOD-NMOD|LOC-PMOD-NMOD,NOCOREF,-0.0,BEFORE
see,realised,see,realise,VVB|VVN,v|O,I-VP|I-VP,O|O,FALSE,FALSE,1,0,OCCURRENCE|OCCURRENCE,INFINITIVE|PRESENT,NONE|NONE,pos|pos,TRUE,FALSE,TRUE,TRUE,LOC-PMOD-NMOD-PMOD-NMOD-VC,O|O,O|O,O|O,from|BETWEEN,LOC-PMOD-NMOD|PMOD-NMOD-VC,COREF,-0.0,AFTER
allow,realised,allow,realise,VVB|VVN,v|O,B-VP|I-VP,O|O,FALSE,FALSE,2,0,I_ACTION|OCCURRENCE,PRESENT|PRESENT,NONE|NONE,pos|pos,FALSE,TRUE,TRUE,TRUE,OPRD-IM-LOC-PMOD-NMOD-PMOD-NMOD-VC,MAIN|O,still|BETWEEN,ADV|O,from|BETWEEN,VC-OPRD-IM-LOC-PMOD-NMOD|PMOD-NMOD-VC,NOCOREF,-0.0,AFTER
allow,reshaping,allow,reshape,VVB|VVG,v|v,B-VP|B-VP,O|O,FALSE,TRUE,3,0,I_ACTION|OCCURRENCE,PRESENT|PRESPART,NONE|NONE,pos|pos,FALSE,FALSE,TRUE,TRUE,OPRD-IM-LOC-PMOD-NMOD-PMOD-NMOD-VC-MNR-PMOD,MAIN|O,still|BETWEEN,ADV|O,from|BETWEEN,VC-OPRD-IM-LOC-PMOD-NMOD|PMOD-NMOD-VC-MNR-PMOD,NOCOREF,-0.0,AFTER
expects,said,expect,say,NN0|VVD,v|v,B-VP|B-VP,O|O,FALSE,TRUE,8,1,I_STATE|REPORTING,PRESENT|PAST,NONE|NONE,pos|pos,FALSE,FALSE,TRUE,TRUE,O,MAIN|MAIN,O|O,O|O,O|O,O|O,NOCOREF,-0.0,SIMULTANEOUS
expects,take,expect,take,NN0|VVB,v|v,B-VP|I-VP,O|O,FALSE,TRUE,1,0,I_STATE|OCCURRENCE,PRESENT|PRESENT,NONE|NONE,pos|pos,FALSE,TRUE,TRUE,TRUE,OBJ-VC,MAIN|O,O|O,O|O,O|O,O|O,NOCOREF,-0.0,BEFORE
expects,complete,expect,complete,NN0|VVB,v|v,B-VP|I-VP,O|O,FALSE,TRUE,4,0,I_STATE|ASPECTUAL,PRESENT|INFINITIVE,NONE|NONE,pos|pos,FALSE,FALSE,TRUE,TRUE,OBJ-VC-OPRD-IM,MAIN|O,O|O,O|O,O|O,O|O,NOCOREF,-0.0,BEFORE
invested,said,invest,say,VVN|VVD,v|v,B-VP|B-VP,O|O,FALSE,TRUE,2,0,OCCURRENCE|REPORTING,PASTPART|PAST,NONE|NONE,pos|pos,FALSE,FALSE,TRUE,TRUE,OBJ,O|MAIN,O|O,O|O,O|O,O|O,NOCOREF,-0.0,BEFORE
said,received,say,receive,VVD|VVD,v|v,B-VP|B-VP,O|O,TRUE,TRUE,2,1,REPORTING|OCCURRENCE,PAST|PAST,NONE|NONE,pos|pos,FALSE,TRUE,TRUE,TRUE,O,MAIN|MAIN,during|BEGIN-BETWEEN,O|TMP,as_a_result_of|BEGIN-BETWEEN,O|TMP-PMOD-NMOD,NOCOREF,-0.0,AFTER
raided,documenting,raid,document,VVN|VVG,v|v,I-VP|B-VP,O|O,FALSE,TRUE,1,1,OCCURRENCE|OCCURRENCE,PRESENT|PRESPART,PERFECTIVE|NONE,pos|pos,TRUE,FALSE,FALSE,TRUE,O,MAIN|O,O|O,O|O,O|O,O|O,NOCOREF,0.09562410574945712,AFTER
raided,inspections,raid,inspection,VVN|NN2,v|n,I-VP|I-NP,O|O,FALSE,FALSE,17,6,OCCURRENCE|OCCURRENCE,PRESENT|PAST,PERFECTIVE|NONE,pos|pos,TRUE,FALSE,FALSE,TRUE,O,MAIN|O,O|O,O|O,O|O,O|O,NOCOREF,0.31710026304718303,IS_INCLUDED
documenting,voiced,document,voice,VVG|VVN,v|v,B-VP|I-VP,O|O,FALSE,TRUE,2,1,OCCURRENCE|REPORTING,PRESPART|PRESENT,NONE|PERFECTIVE,pos|pos,FALSE,FALSE,FALSE,TRUE,O,O|MAIN,O|O,O|O,O|O,O|O,NOCOREF,0.11950960829159195,INCLUDES
documenting,abuses,document,abuse,VVG|NN2,v|n,B-VP|I-NP,O|O,FALSE,FALSE,1,0,OCCURRENCE|OCCURRENCE,PRESPART|PRESPART,NONE|NONE,pos|pos,TRUE,TRUE,TRUE,TRUE,OBJ,O|O,O|O,O|O,O|O,O|O,NOCOREF,0.10507566766437665,AFTER
voiced,says,voice,say,VVN|NN0,v|v,I-VP|B-VP,O|O,FALSE,TRUE,3,1,REPORTING|STATE,PRESENT|PRESENT,PERFECTIVE|NONE,pos|pos,FALSE,TRUE,FALSE,TRUE,O,MAIN|MAIN,O|O,O|O,O|O,O|O,COREF,0.4886941618207523,IS_INCLUDED
voiced,asked,voice,ask,VVN|VVD,v|v,I-VP|B-VP,O|O,FALSE,TRUE,1,0,REPORTING|I_ACTION,PRESENT|PAST,PERFECTIVE|NONE,pos|pos,FALSE,FALSE,FALSE,TRUE,COORD-CONJ,MAIN|O,O|O,O|O,O|O,O|O,NOCOREF,-0.0,SIMULTANEOUS
asked,explanation,ask,explanation,VVD|NN1,v|n,B-VP|I-NP,O|O,FALSE,FALSE,1,0,I_ACTION|OCCURRENCE,PAST|NONE,NONE|NONE,pos|NONE,FALSE,FALSE,TRUE,FALSE,ADV-PMOD,O|O,O|O,O|O,O|O,O|O,NOCOREF,0.0,BEFORE
lead,execution,lead,execution,VVB|NN1,v|n,I-VP|B-NP,O|O,FALSE,FALSE,1,0,I_ACTION|OCCURRENCE,PRESENT|NONE,NONE|NONE,pos|NONE,FALSE,FALSE,TRUE,FALSE,ADV-PMOD,O|O,O|O,O|O,O|O,O|O,NOCOREF,0.07875343371216682,BEFORE
says,returned,say,return,NN0|VVD,v|v,B-VP|B-VP,O|O,FALSE,TRUE,1,0,REPORTING|OCCURRENCE,PRESENT|PAST,NONE|NONE,pos|pos,FALSE,FALSE,TRUE,TRUE,OBJ,MAIN|O,O|O,O|O,O|O,O|O,NOCOREF,0.0,AFTER
returned,inspections,return,inspection,VVD|NN2,v|n,B-VP|I-NP,O|O,FALSE,FALSE,5,1,OCCURRENCE|OCCURRENCE,PAST|PAST,NONE|NONE,pos|pos,TRUE,TRUE,TRUE,TRUE,O,O|O,O|O,O|O,O|O,O|O,NOCOREF,0.08327398551459124,IS_INCLUDED
says,seized,say,seize,NN0|VVN,v|v,B-VP|B-VP,O|O,FALSE,TRUE,3,0,REPORTING|OCCURRENCE,PRESENT|NONE,NONE|NONE,pos|NONE,FALSE,FALSE,TRUE,FALSE,OBJ-ADV-VC,MAIN|O,O|O,O|O,O|O,O|O,NOCOREF,-0.0,AFTER
seized,inspections,seize,inspection,VVN|NN2,v|n,B-VP|I-NP,O|O,FALSE,FALSE,3,1,OCCURRENCE|OCCURRENCE,NONE|PAST,NONE|NONE,NONE|pos,TRUE,FALSE,TRUE,FALSE,O,O|O,O|O,O|O,O|O,O|O,NOCOREF,0.0,IS_INCLUDED
said,linked,say,link,VVD|VVN,v|v,B-VP|B-VP,O|O,FALSE,TRUE,2,0,REPORTING|OCCURRENCE,PAST|PAST,NONE|NONE,pos|pos,FALSE,TRUE,TRUE,TRUE,OBJ-VC,MAIN|O,O|O,O|O,O|O,O|O,NOCOREF,0.0,AFTER
quoted,said,quote,say,VVN|VVD,v|v,B-VP|B-VP,O|O,FALSE,TRUE,1,0,OCCURRENCE|REPORTING,PASTPART|PAST,NONE|NONE,pos|pos,FALSE,FALSE,TRUE,TRUE,SBJ-APPO,O|MAIN,O|O,O|O,by|BETWEEN,LGS|SBJ-APPO-LGS,NOCOREF,0.0,AFTER
said,insisted,say,insist,VVD|VVD,v|v,B-VP|B-VP,O|O,TRUE,TRUE,2,1,REPORTING|I_ACTION,PAST|PAST,NONE|NONE,pos|pos,FALSE,TRUE,TRUE,TRUE,O,MAIN|MAIN,O|O,O|O,O|O,O|O,NOCOREF,-0.0,SIMULTANEOUS
said,was,say,be,VVD|VVD,v|v,B-VP|B-VP,O|O,TRUE,TRUE,1,0,REPORTING|STATE,PAST|PAST,NONE|NONE,pos|pos,FALSE,TRUE,TRUE,TRUE,OBJ,MAIN|O,O|O,O|O,O|O,O|O,NOCOREF,0.0,AFTER
insisted,said,insist,say,VVD|VVD,v|v,B-VP|B-VP,O|O,TRUE,TRUE,4,1,I_ACTION|REPORTING,PAST|PAST,NONE|NONE,pos|pos,FALSE,TRUE,TRUE,TRUE,O,MAIN|MAIN,O|O,O|O,O|O,O|O,NOCOREF,-0.0,SIMULTANEOUS
insisted,register,insist,register,VVD|VVB,v|v,B-VP|B-VP,O|O,FALSE,TRUE,3,1,I_ACTION|OCCURRENCE,PAST|PRESENT,NONE|NONE,pos|neg,FALSE,FALSE,TRUE,FALSE,O,MAIN|O,O|O,O|O,O|O,O|O,NOCOREF,-0.0,BEFORE
insisted,change,insist,change,VVD|VVB,v|v,B-VP|I-VP,O|O,FALSE,TRUE,1,0,I_ACTION|OCCURRENCE,PAST|FUTURE,NONE|NONE,pos|neg,FALSE,FALSE,TRUE,FALSE,OBJ-SUB-VC,MAIN|O,O|O,O|O,O|O,O|O,NOCOREF,-0.0,BEFORE
refuse,said,refuse,say,VVB|VVD,v|v,I-VP|B-VP,O|O,FALSE,TRUE,2,0,OCCURRENCE|REPORTING,PRESENT|PAST,NONE|NONE,neg|pos,FALSE,FALSE,TRUE,FALSE,OBJ-VC,O|MAIN,as|BETWEEN,COORD-CONJ-VC-ADV|OBJ-COORD-CONJ-VC-ADV,as|BETWEEN,COORD-CONJ-VC-ADV|OBJ-COORD-CONJ-VC-ADV,NOCOREF,0.0,AFTER
register,said,register,say,VVB|VVD,v|v,B-VP|B-VP,O|O,FALSE,TRUE,1,0,OCCURRENCE|REPORTING,PRESENT|PAST,NONE|NONE,neg|pos,FALSE,FALSE,TRUE,FALSE,OBJ-COORD-CONJ-VC,O|MAIN,as|BETWEEN,VC-ADV|OBJ-COORD-CONJ-VC-ADV,as|BETWEEN,VC-ADV|OBJ-COORD-CONJ-VC-ADV,COREF,0.0,AFTER
make,had,make,have,VVB|VVD,v|v,I-VP|I-VP,O|O,FALSE,TRUE,1,1,OCCURRENCE|STATE,PRESENT|PAST,NONE|NONE,pos|pos,FALSE,FALSE,TRUE,TRUE,O,MAIN|MAIN,O|O,O|O,because|BEGIN-BETWEEN,VC-ADV|O,COREF,-0.0,AFTER
had,used,have,use,VVD|VVN,v|v,I-VP|I-VP,O|O,FALSE,TRUE,1,1,STATE|OCCURRENCE,PAST|PRESENT,NONE|PERFECTIVE,pos|pos,FALSE,FALSE,FALSE,TRUE,O,MAIN|MAIN,O|O,O|O,O|O,O|O,NOCOREF,-0.0,SIMULTANEOUS
used,unleashed,use,unleashed,VVN|AJ0,v|v,I-VP|B-VP,O|O,FALSE,TRUE,2,1,OCCURRENCE|OCCURRENCE,PRESENT|PRESPART,PERFECTIVE|NONE,pos|pos,TRUE,FALSE,FALSE,TRUE,O,MAIN|O,O|O,O|O,O|O,O|O,NOCOREF,0.0,BEFORE
accused,announced,accuse,announce,VVN|VVD,v|v,I-VP|B-VP,O|O,FALSE,TRUE,6,0,I_ACTION|REPORTING,PAST|PAST,NONE|NONE,pos|pos,FALSE,TRUE,TRUE,TRUE,OBJ-SBJ-NMOD-VC,O|MAIN,O|O,O|O,O|O,O|O,NOCOREF,-0.0,BEFORE
faking,announced,fake,announce,VVG|VVD,v|v,B-VP|B-VP,O|O,FALSE,TRUE,5,0,OCCURRENCE|REPORTING,PRESPART|PAST,NONE|NONE,pos|pos,FALSE,FALSE,TRUE,TRUE,OBJ-SBJ-NMOD-VC-ADV-PMOD,O|MAIN,O|O,O|O,O|O,O|O,NOCOREF,-0.0,BEFORE
pleaded,announced,plead,announce,VVD|VVD,v|v,B-VP|B-VP,O|O,TRUE,TRUE,2,0,I_ACTION|REPORTING,PAST|PAST,NONE|NONE,pos|pos,FALSE,TRUE,TRUE,TRUE,OBJ,O|MAIN,O|O,O|O,O|O,O|O,NOCOREF,-0.0,BEFORE
announced,reported,announce,report,VVD|VVN,v|v,B-VP|B-VP,O|O,FALSE,TRUE,1,1,REPORTING|REPORTING,PAST|PRESPART,NONE|NONE,pos|pos,TRUE,FALSE,TRUE,TRUE,O,MAIN|MAIN,O|O,O|O,O|O,O|O,COREF,0.547643726222797,SIMULTANEOUS
announced,said,announce,say,VVD|VVD,v|v,B-VP|B-VP,O|O,TRUE,TRUE,20,4,REPORTING|REPORTING,PAST|PAST,NONE|NONE,pos|pos,TRUE,TRUE,TRUE,TRUE,O,MAIN|MAIN,O|O,O|O,O|O,O|O,NOCOREF,-0.0,SIMULTANEOUS
reported,learned,report,learn,VVN|VVD,v|v,B-VP|B-VP,O|O,FALSE,TRUE,6,1,REPORTING|OCCURRENCE,PRESPART|PAST,NONE|NONE,pos|pos,FALSE,FALSE,TRUE,TRUE,O,MAIN|O,into|BEGIN-BETWEEN,O|O,O|O,O|O,NOCOREF,-0.0,AFTER
reported,missing,report,miss,VVN|VVG,v|v,B-VP|I-VP,O|O,FALSE,TRUE,1,0,REPORTING|OCCURRENCE,PRESPART|NONE,NONE|NONE,pos|NONE,FALSE,FALSE,TRUE,FALSE,OPRD,MAIN|O,O|O,O|O,O|O,O|O,NOCOREF,-0.0,AFTER
search,learned,search,learn,NN1|VVD,n|v,I-NP|B-VP,O|O,FALSE,FALSE,2,0,OCCURRENCE|OCCURRENCE,NONE|PAST,NONE|NONE,NONE|pos,TRUE,FALSE,TRUE,FALSE,O,O|O,into|BEGIN,PMOD|O,O|O,O|O,NOCOREF,-0.0,BEFORE
learned,showed,learn,show,VVD|VVD,v|v,B-VP|B-VP,O|O,TRUE,TRUE,5,1,OCCURRENCE|OCCURRENCE,PAST|PAST,NONE|NONE,pos|pos,TRUE,TRUE,TRUE,TRUE,O,O|MAIN,before|BEGIN-BETWEEN,O|TMP-TMP,O|O,O|O,NOCOREF,-0.0,BEFORE
learned,pulled,learn,pull,VVD|VVN,v|v,B-VP|I-VP,O|O,FALSE,TRUE,1,0,OCCURRENCE|OCCURRENCE,PAST|PAST,NONE|PERFECTIVE,pos|pos,TRUE,TRUE,FALSE,TRUE,OBJ-LOC-PRD-PMOD-NMOD-VC-VC,O|O,into|BEGIN,O|O,O|O,O|O,NOCOREF,-0.0,AFTER
pulled,showed,pull,show,VVN|VVD,v|v,I-VP|B-VP,O|O,FALSE,TRUE,1,0,OCCURRENCE|OCCURRENCE,PAST|PAST,NONE|NONE,pos|pos,TRUE,TRUE,TRUE,TRUE,TMP-TMP-DEP-VC,O|MAIN,during|BETWEEN,VC-PRT|TMP-TMP-DEP-VC-PRT,O|O,O|O,NOCOREF,0.31154643942834304,BEFORE
showed,said,show,say,VVD|VVD,v|v,B-VP|B-VP,O|O,TRUE,TRUE,8,1,OCCURRENCE|REPORTING,PAST|PAST,NONE|NONE,pos|pos,FALSE,TRUE,TRUE,TRUE,O,MAIN|MAIN,before|BEGIN-BEFORE,TMP-TMP|O,O|O,O|O,COREF,0.0,BEFORE
showed,discovered,show,discover,VVD|VVN,v|v,B-VP|I-VP,O|O,FALSE,TRUE,1,0,OCCURRENCE|OCCURRENCE,PAST|PAST,NONE|PERFECTIVE,pos|pos,TRUE,TRUE,FALSE,TRUE,OBJ-NMOD-VC,MAIN|O,before|BEGIN,TMP-TMP|O,O|O,O|O,NOCOREF,-0.0,AFTER
showed,appeared,show,appear,VVD|VVD,v|v,B-VP|B-VP,O|O,TRUE,TRUE,2,0,OCCURRENCE|OCCURRENCE,PAST|PAST,NONE|NONE,pos|pos,TRUE,TRUE,TRUE,TRUE,OBJ-NMOD-VC-OBJ-SUB,MAIN|O,before|BEGIN,TMP-TMP|O,O|O,O|O,COREF,-0.0,AFTER
showed,death,show,death,VVD|NN1,v|n,B-VP|I-NP,O|O,FALSE,FALSE,4,0,OCCURRENCE|OCCURRENCE,PAST|PRESENT,NONE|NONE,pos|pos,TRUE,FALSE,TRUE,TRUE,OBJ-NMOD-VC-OBJ-SUB-OPRD-IM-OBJ-NMOD-IM-OBJ,MAIN|O,before|BEGIN,TMP-TMP|O,O|O,O|O,NOCOREF,0.3016344470915289,AFTER
wanted,said,want,say,VVD|VVD,v|v,B-VP|B-VP,O|O,TRUE,TRUE,3,0,I_STATE|REPORTING,PAST|PAST,NONE|NONE,pos|pos,FALSE,TRUE,TRUE,TRUE,OBJ,O|MAIN,while|BETWEEN,OPRD-IM-TMP|OBJ-OPRD-IM-TMP,CAUSE|BETWEEN,OPRD-IM-TMP-SUB|OBJ-OPRD-IM-TMP-SUB,NOCOREF,0.0,BEFORE
started,said,start,say,VVD|VVD,v|v,B-VP|B-VP,O|O,TRUE,TRUE,1,0,ASPECTUAL|REPORTING,PAST|PAST,NONE|NONE,pos|pos,FALSE,TRUE,TRUE,TRUE,OBJ-OPRD-IM-TMP-SUB,O|MAIN,while|BETWEEN,SUB|OBJ-OPRD-IM-TMP,O|O,O|O,NOCOREF,0.0,BEFORE
said,arrested,say,arrest,VVD|VVN,v|v,B-VP|B-VP,O|O,FALSE,TRUE,1,1,REPORTING|OCCURRENCE,PAST|PASTPART,NONE|NONE,pos|pos,FALSE,FALSE,TRUE,TRUE,O,MAIN|MAIN,O|O,O|O,O|O,O|O,NOCOREF,0.0,AFTER
said,said,say,say,VVD|VVD,v|v,B-VP|B-VP,O|O,TRUE,TRUE,10,2,REPORTING|REPORTING,PAST|PAST,NONE|NONE,pos|pos,TRUE,TRUE,TRUE,TRUE,O,MAIN|MAIN,O|O,O|O,O|O,O|O,COREF,1.7976931348623157E308,SIMULTANEOUS
agreed,said,agree,say,VVD|VVD,v|v,B-VP|B-VP,O|O,TRUE,TRUE,6,0,I_ACTION|REPORTING,PAST|PAST,NONE|NONE,pos|pos,FALSE,TRUE,TRUE,TRUE,OBJ,O|MAIN,O|O,O|O,as_a_result_of|BETWEEN,OPRD-IM-ADV|OBJ-OPRD-IM-ADV,NOCOREF,-0.0,BEFORE
plead,said,plead,say,VVB|VVD,v|v,I-VP|B-VP,O|O,FALSE,TRUE,5,0,I_ACTION|REPORTING,INFINITIVE|PAST,NONE|NONE,pos|pos,FALSE,FALSE,TRUE,TRUE,OBJ-OPRD-IM,O|MAIN,O|O,O|O,as_a_result_of|BETWEEN,ADV|OBJ-OPRD-IM-ADV,COREF,-0.0,BEFORE
charge,said,charge,say,NN1|VVD,n|v,I-NP|B-VP,O|O,FALSE,FALSE,4,0,OCCURRENCE|REPORTING,NONE|PAST,NONE|NONE,NONE|pos,FALSE,FALSE,TRUE,FALSE,OBJ-OPRD-IM-ADV-PMOD,O|MAIN,O|O,O|O,as_a_result_of|BETWEEN,O|OBJ-OPRD-IM-ADV,NOCOREF,0.0,BEFORE
sentence,said,sentence,say,NN1|VVD,n|v,I-NP|B-VP,O|O,FALSE,FALSE,3,0,OCCURRENCE|REPORTING,NONE|PAST,NONE|NONE,NONE|pos,FALSE,FALSE,TRUE,FALSE,OBJ-OPRD-IM-ADV-PMOD-NMOD-PMOD,O|MAIN,O|O,O|O,O|O,O|O,NOCOREF,0.5201906644976,BEFORE
expect,turn,expect,turn,VVI|VVB,v|v,B-VP|B-VP,O|O,FALSE,TRUE,2,0,I_STATE|OCCURRENCE,PRESENT|PRESENT,NONE|NONE,pos|pos,FALSE,TRUE,TRUE,TRUE,OPRD-IM-COORD-CONJ,MAIN|O,during|BETWEEN,OPRD-IM-TMP|O,PREVENT-AMBIGUOUS|BETWEEN,OPRD-IM-DIR-PMOD|O,COREF,-0.0,BEFORE
foresee,turn,foresee,turn,VVB|VVB,v|v,I-VP|I-VP,O|O,TRUE,TRUE,3,1,OCCURRENCE|OCCURRENCE,INFINITIVE|PRESENT,NONE|NONE,pos|pos,TRUE,FALSE,TRUE,TRUE,O,O|MAIN,when|BEGIN-BETWEEN,OBJ-NMOD-VC-TMP|O,O|O,O|O,NOCOREF,-0.0,BEFORE
foresee,send,foresee,send,VVB|VVB,v|v,I-VP|I-VP,O|O,TRUE,TRUE,1,0,OCCURRENCE|OCCURRENCE,INFINITIVE|INFINITIVE,NONE|NONE,pos|pos,TRUE,TRUE,TRUE,TRUE,OBJ-NMOD-VC-PRD-AMOD-IM,O|O,when|BETWEEN,OBJ-NMOD-VC-TMP|O,from|AFTER,OBJ-NMOD-VC-PRD-AMOD-IM-DIR|DIR,NOCOREF,-0.0,BEFORE
turn,scare,turn,scare,VVB|VVB,v|v,I-VP|I-VP,O|O,TRUE,TRUE,1,1,OCCURRENCE|OCCURRENCE,PRESENT|PRESENT,NONE|NONE,pos|pos,TRUE,TRUE,TRUE,TRUE,O,MAIN|MAIN,O|O,O|O,O|O,O|O,NOCOREF,0.23703127018660844,BEFORE
reinvention,available,reinvention,available,NN1|AJ0,O|adj,I-NP|I-ADJP,O|O,FALSE,FALSE,1,0,OCCURRENCE|STATE,NONE|NONE,NONE|NONE,NONE|NONE,FALSE,TRUE,TRUE,TRUE,O,O|O,O|O,O|O,O|O,O|O,NOCOREF,0.0,IS_INCLUDED
filling,gives,fill,give,VVG|NN0,v|v,B-VP|B-VP,O|O,FALSE,TRUE,1,0,OCCURRENCE|OCCURRENCE,PRESPART|PRESENT,NONE|NONE,pos|pos,TRUE,FALSE,TRUE,TRUE,LOC-PMOD,O|MAIN,during|AFTER,O|OBJ-NMOD,O|O,O|O,NOCOREF,0.07266585776902663,BEFORE
arrived,eased,arrive,ease,VVD|VVD,v|v,B-VP|B-VP,O|O,TRUE,TRUE,10,1,OCCURRENCE|OCCURRENCE,PAST|PAST,NONE|NONE,pos|pos,TRUE,TRUE,TRUE,TRUE,O,MAIN|MAIN,after|BEGIN-BETWEEN,TMP|O,O|O,O|O,NOCOREF,-0.0,IS_INCLUDED
arrived,scoring,arrive,score,VVD|VVG,v|v,B-VP|B-VP,O|O,FALSE,TRUE,2,0,OCCURRENCE|OCCURRENCE,PAST|PRESPART,NONE|NONE,pos|pos,TRUE,FALSE,TRUE,TRUE,TMP-PMOD,MAIN|O,after|BETWEEN,TMP|PMOD,O|O,O|O,NOCOREF,-0.0,AFTER
scoring,apologized,score,apologize,VVG|VVD,v|v,B-VP|B-VP,O|O,FALSE,TRUE,3,0,OCCURRENCE|OCCURRENCE,PRESPART|PAST,NONE|NONE,pos|pos,TRUE,FALSE,TRUE,TRUE,TMP-PMOD-TMP,O|O,when|BETWEEN,TMP-PMOD-TMP-TMP|TMP,ENABLE|BETWEEN,TMP-PMOD|TMP,NOCOREF,-0.0,SIMULTANEOUS
arrived,coup,arrive,coup,VVD|NN1,v|n,B-VP|I-NP,O|O,FALSE,FALSE,3,0,OCCURRENCE|OCCURRENCE,PAST|PRESPART,NONE|NONE,pos|pos,TRUE,FALSE,TRUE,TRUE,TMP-PMOD-OBJ,MAIN|O,after|BETWEEN,TMP|PMOD-OBJ,after|BETWEEN,TMP|PMOD-OBJ,NOCOREF,0.0,AFTER
arrived,leaving,arrive,leave,VVD|VVG,v|v,B-VP|B-VP,O|O,FALSE,TRUE,4,0,OCCURRENCE|OCCURRENCE,PAST|PRESPART,NONE|NONE,pos|pos,TRUE,FALSE,TRUE,TRUE,TMP-PMOD-TMP-PMOD,MAIN|O,before|BETWEEN,TMP-PMOD-TMP|PMOD,after|BETWEEN,TMP|PMOD-TMP-PMOD,NOCOREF,-0.0,AFTER
scoring,leaving,score,leave,VVG|VVG,v|v,B-VP|B-VP,O|O,TRUE,TRUE,2,0,OCCURRENCE|OCCURRENCE,PRESPART|PRESPART,NONE|NONE,pos|pos,TRUE,TRUE,TRUE,TRUE,TMP-PMOD,O|O,before|BETWEEN,TMP|PMOD,O|O,O|O,NOCOREF,0.08448910112643881,AFTER
arrived,apologized,arrive,apologize,VVD|VVD,v|v,B-VP|B-VP,O|O,TRUE,TRUE,5,0,OCCURRENCE|OCCURRENCE,PAST|PAST,NONE|NONE,pos|pos,TRUE,TRUE,TRUE,TRUE,TMP-PMOD-TMP-PMOD-TMP,MAIN|O,when|BETWEEN,TMP-PMOD-TMP-PMOD-TMP-TMP|TMP,after|BETWEEN,TMP|PMOD-TMP-PMOD-TMP,NOCOREF,-0.0,AFTER
apologized,statement,apologize,statement,VVD|NN1,v|n,B-VP|I-NP,O|O,FALSE,FALSE,20,5,OCCURRENCE|OCCURRENCE,PAST|NONE,NONE|NONE,pos|NONE,TRUE,FALSE,TRUE,FALSE,O,O|O,after|BEGIN-BETWEEN,PMOD-TMP-PMOD-TMP|O,O|O,O|O,NOCOREF,0.0,BEFORE
arrived,raid,arrive,raid,VVD|NN1,v|n,B-VP|I-NP,O|O,FALSE,FALSE,7,0,OCCURRENCE|OCCURRENCE,PAST|NONE,NONE|NONE,pos|NONE,TRUE,FALSE,TRUE,FALSE,TMP-PMOD-TMP-PMOD-TMP-ADV-PMOD,MAIN|O,when|BETWEEN,TMP-PMOD-TMP-PMOD-TMP-TMP|O,after|BETWEEN,TMP|PMOD-TMP-PMOD-TMP-ADV-PMOD,NOCOREF,-0.0,AFTER
arrived,killed,arrive,kill,VVD|VVD,v|v,B-VP|B-VP,O|O,TRUE,TRUE,8,0,OCCURRENCE|OCCURRENCE,PAST|PAST,NONE|NONE,pos|pos,TRUE,TRUE,TRUE,TRUE,TMP-PMOD-TMP-PMOD-TMP-ADV-PMOD-NMOD,MAIN|O,when|BETWEEN,TMP-PMOD-TMP-PMOD-TMP-TMP|O,after|BETWEEN,TMP|PMOD-TMP-PMOD-TMP-ADV-PMOD-NMOD,NOCOREF,-0.0,AFTER
sought,eased,seek,ease,VVN|VVD,v|v,B-VP|B-VP,O|O,FALSE,TRUE,1,0,OCCURRENCE|OCCURRENCE,PASTPART|PAST,NONE|NONE,pos|pos,TRUE,FALSE,TRUE,TRUE,SBJ-APPO,O|MAIN,O|O,O|O,by|BETWEEN,LGS|SBJ-APPO-LGS,NOCOREF,0.0,BEFORE
eased,happened,ease,happen,VVD|VVD,v|v,B-VP|B-VP,O|O,TRUE,TRUE,1,1,OCCURRENCE|OCCURRENCE,PAST|PAST,NONE|NONE,pos|pos,TRUE,TRUE,TRUE,TRUE,O,MAIN|MAIN,O|O,O|O,O|O,O|O,NOCOREF,-0.0,AFTER
apologized,eased,apologize,ease,VVD|VVD,v|v,B-VP|B-VP,O|O,TRUE,TRUE,5,1,OCCURRENCE|OCCURRENCE,PAST|PAST,NONE|NONE,pos|pos,TRUE,TRUE,TRUE,TRUE,O,O|MAIN,after|BEGIN-BETWEEN,PMOD-TMP-PMOD-TMP|O,O|O,O|O,NOCOREF,-0.0,BEFORE
happened,trip,happen,trip,VVD|NN1,v|n,B-VP|I-NP,O|O,FALSE,FALSE,7,1,OCCURRENCE|OCCURRENCE,PAST|NONE,NONE|NONE,pos|NONE,TRUE,FALSE,TRUE,FALSE,O,MAIN|O,before|BEGIN-BETWEEN,TMP-PMOD-TMP|O,O|O,O|O,NOCOREF,-0.0,IS_INCLUDED
apologized,happened,apologize,happen,VVD|VVD,v|v,B-VP|B-VP,O|O,TRUE,TRUE,6,2,OCCURRENCE|OCCURRENCE,PAST|PAST,NONE|NONE,pos|pos,TRUE,TRUE,TRUE,TRUE,O,O|MAIN,after|BEGIN-BETWEEN,PMOD-TMP-PMOD-TMP|O,O|O,O|O,NOCOREF,-0.0,SIMULTANEOUS
happened,meeting,happen,meeting,VVD|NN1,v|n,B-VP|I-NP,O|O,FALSE,FALSE,2,0,OCCURRENCE|OCCURRENCE,PAST|NONE,NONE|NONE,pos|NONE,TRUE,FALSE,TRUE,FALSE,TMP-PMOD,MAIN|O,during|BETWEEN,TMP|PMOD,O|O,O|O,NOCOREF,0.0,IS_INCLUDED
happened,departed,happen,depart,VVD|VVD,v|v,B-VP|B-VP,O|O,TRUE,TRUE,4,0,OCCURRENCE|OCCURRENCE,PAST|PAST,NONE|NONE,pos|pos,TRUE,TRUE,TRUE,TRUE,TMP-PMOD-TMP-SUB,MAIN|O,before|BETWEEN,TMP-PMOD-TMP|SUB,O|O,O|O,NOCOREF,-0.0,BEFORE
happened,complete,happen,complete,VVD|VVB,v|v,B-VP|I-VP,O|O,FALSE,TRUE,5,0,OCCURRENCE|ASPECTUAL,PAST|INFINITIVE,NONE|NONE,pos|pos,FALSE,FALSE,TRUE,TRUE,TMP-PMOD-TMP-SUB-ADV-SUB-IM,MAIN|O,before|BETWEEN,TMP-PMOD-TMP|SUB-ADV-SUB-IM,O|O,O|O,NOCOREF,-0.0,BEFORE
trip,said,trip,say,NN1|VVD,n|v,I-NP|B-VP,O|O,FALSE,FALSE,2,1,OCCURRENCE|REPORTING,NONE|PAST,NONE|NONE,NONE|pos,FALSE,FALSE,TRUE,FALSE,O,O|MAIN,O|O,O|O,from|BEGIN-BETWEEN,O|SBJ-NMOD,NOCOREF,0.0,INCLUDES
said,dropped,say,drop,VVD|VVD,v|v,B-VP|B-VP,O|O,TRUE,TRUE,4,1,REPORTING|OCCURRENCE,PAST|PAST,NONE|NONE,pos|pos,FALSE,TRUE,TRUE,TRUE,O,MAIN|O,O|O,O|O,from|BEGIN-BEFORE,SBJ-NMOD|O,NOCOREF,0.0,BEFORE
said,included,say,include,VVD|VVD,v|v,B-VP|B-VP,O|O,TRUE,TRUE,1,0,REPORTING|OCCURRENCE,PAST|PAST,NONE|NONE,pos|pos,FALSE,TRUE,TRUE,TRUE,OBJ,MAIN|O,O|O,O|O,from|BETWEEN,SBJ-NMOD|O,NOCOREF,-0.0,AFTER
said,offer,say,offer,VVD|NN1,v|n,B-VP|I-NP,O|O,FALSE,FALSE,2,0,REPORTING|OCCURRENCE,PAST|PAST,NONE|NONE,pos|pos,FALSE,TRUE,TRUE,TRUE,OBJ-OBJ,MAIN|O,O|O,O|O,from|BETWEEN,SBJ-NMOD|O,NOCOREF,0.0,AFTER
dropped,resume,drop,resume,VVD|VVB,v|v,B-VP|I-VP,O|O,FALSE,TRUE,3,1,OCCURRENCE|ASPECTUAL,PAST|PRESENT,NONE|NONE,pos|pos,FALSE,FALSE,TRUE,TRUE,O,O|O,later_when|BEGIN-BETWEEN,TMP|O,O|O,O|O,NOCOREF,0.08190717796232833,BEFORE
dropped,statement,drop,statement,VVD|NN1,v|n,B-VP|I-NP,O|O,FALSE,FALSE,1,0,OCCURRENCE|OCCURRENCE,PAST|NONE,NONE|NONE,pos|NONE,TRUE,FALSE,TRUE,FALSE,ADV-PMOD,O|O,later_when|BETWEEN,TMP|O,O|O,O|O,NOCOREF,0.10727797145736348,AFTER
resume,said,resume,say,VVB|VVD,v|v,I-VP|B-VP,O|O,FALSE,TRUE,5,1,ASPECTUAL|REPORTING,PRESENT|PAST,NONE|NONE,pos|pos,FALSE,FALSE,TRUE,TRUE,O,O|O,still|BEGIN-BEFORE,O|O,O|O,O|O,NOCOREF,0.0,AFTER
resume,exercises,resume,exercise,VVB|NN2,v|n,I-VP|I-NP,O|O,FALSE,FALSE,1,0,ASPECTUAL|OCCURRENCE,PRESENT|PRESENT,NONE|NONE,pos|pos,FALSE,TRUE,TRUE,TRUE,OBJ,O|O,still|BETWEEN,O|O,O|O,O|O,NOCOREF,0.09140281647706601,AFTER
resume,suspended,resume,suspend,VVB|VVN,v|v,I-VP|I-VP,O|O,FALSE,TRUE,2,0,ASPECTUAL|ASPECTUAL,PRESENT|PAST,NONE|NONE,pos|pos,TRUE,FALSE,TRUE,TRUE,OBJ-NMOD-VC,O|O,still|BETWEEN,O|O,O|O,O|O,NOCOREF,-0.0,AFTER
resume,raid,resume,raid,VVB|NN1,v|n,I-VP|I-NP,O|O,FALSE,FALSE,3,0,ASPECTUAL|OCCURRENCE,PRESENT|NONE,NONE|NONE,pos|NONE,FALSE,FALSE,TRUE,FALSE,OBJ-NMOD-VC-TMP-PMOD,O|O,after|BETWEEN,VC-OBJ-NMOD-VC-TMP|PMOD,after|BETWEEN,VC-OBJ-NMOD-VC-TMP|PMOD,NOCOREF,0.07743709393542302,AFTER
prosecuting,said,prosecute,say,VVG|VVD,v|v,I-VP|B-VP,O|O,FALSE,TRUE,1,0,OCCURRENCE|REPORTING,PAST|PAST,PERFECTIVE_PROGRESSIVE|NONE,pos|pos,FALSE,TRUE,FALSE,TRUE,COORD-CONJ,MAIN|O,O|O,O|O,O|O,O|O,NOCOREF,-0.0,INCLUDES
said,omitted,say,omit,VVD|VVN,v|v,B-VP|B-VP,O|O,FALSE,TRUE,3,1,REPORTING|OCCURRENCE,PAST|PASTPART,NONE|NONE,pos|pos,FALSE,FALSE,TRUE,TRUE,O,O|MAIN,later|BEGIN-BETWEEN,O|TMP,O|O,O|O,NOCOREF,-0.0,BEFORE
said,agreed,say,agree,VVD|VVD,v|v,B-VP|B-VP,O|O,TRUE,TRUE,1,0,REPORTING|I_ACTION,PAST|PAST,NONE|NONE,pos|pos,FALSE,TRUE,TRUE,TRUE,OBJ,O|O,initially|BETWEEN,TMP|O,O|O,O|O,NOCOREF,-0.0,AFTER
taken,found,take,find,VVN|VVN,v|v,I-VP|I-VP,O|O,TRUE,TRUE,2,1,OCCURRENCE|OCCURRENCE,PRESENT|PASTPART,PERFECTIVE|NONE,pos|pos,TRUE,FALSE,FALSE,TRUE,O,MAIN|MAIN,O|O,O|O,O|O,O|O,NOCOREF,0.07814485666766846,INCLUDES
found,cloaked,find,cloak,VVN|VVD,v|v,I-VP|B-VP,O|O,FALSE,TRUE,2,1,OCCURRENCE|OCCURRENCE,PASTPART|PAST,NONE|NONE,pos|pos,TRUE,FALSE,TRUE,TRUE,O,MAIN|MAIN,O|O,O|O,O|O,O|O,NOCOREF,-0.0,IS_INCLUDED
found,floating,find,float,VVN|VVG,v|v,I-VP|I-VP,O|O,FALSE,TRUE,1,0,OCCURRENCE|STATE,PASTPART|PRESPART,NONE|NONE,pos|pos,FALSE,FALSE,TRUE,TRUE,OPRD,MAIN|MAIN,O|O,O|O,O|O,O|O,NOCOREF,0.0,IS_INCLUDED
cloaked,causing,cloak,cause,VVD|VVG,v|v,B-VP|B-VP,O|O,FALSE,TRUE,1,0,OCCURRENCE|OCCURRENCE,PAST|PRESPART,NONE|NONE,pos|pos,TRUE,FALSE,TRUE,TRUE,ADV,MAIN|O,O|O,O|O,O|O,O|O,NOCOREF,-0.0,SIMULTANEOUS
cloaked,coughing,cloak,coughing,VVD|NN1,v|n,B-VP|I-NP,O|O,FALSE,FALSE,2,0,OCCURRENCE|STATE,PAST|PRESPART,NONE|NONE,pos|pos,FALSE,FALSE,TRUE,TRUE,ADV-OBJ,MAIN|O,O|O,O|O,CAUSE|BETWEEN,ADV|OBJ,NOCOREF,0.0,INCLUDES
cloaked,obscuring,cloak,obscure,VVD|VVG,v|v,B-VP|B-VP,O|O,FALSE,TRUE,3,0,OCCURRENCE|OCCURRENCE,PAST|PRESPART,NONE|NONE,pos|pos,TRUE,FALSE,TRUE,TRUE,ADV-COORD-CONJ,MAIN|O,O|O,O|O,CAUSE|BETWEEN,ADV|COORD-CONJ,NOCOREF,0.6816429139729033,SIMULTANEOUS
forced,acknowledge,force,acknowledge,VVN|VVB,v|v,I-VP|B-VP,O|O,FALSE,TRUE,1,0,OCCURRENCE|REPORTING,PRESENT|INFINITIVE,PERFECTIVE|NONE,pos|pos,FALSE,FALSE,FALSE,TRUE,OPRD-IM,O|O,O|O,O|O,O|O,O|O,NOCOREF,-0.0,BEFORE
said,checked,say,check,VVD|VVD,v|v,B-VP|B-VP,O|O,TRUE,TRUE,1,0,REPORTING|OCCURRENCE,PAST|PAST,NONE|NONE,pos|pos,FALSE,TRUE,TRUE,TRUE,OBJ,MAIN|O,O|O,O|O,O|O,O|O,NOCOREF,0.0,AFTER
said,kept,say,keep,VVD|VVD,v|v,B-VP|B-VP,O|O,TRUE,TRUE,3,0,REPORTING|OCCURRENCE,PAST|PAST,NONE|NONE,pos|pos,FALSE,TRUE,TRUE,TRUE,OBJ-COORD-CONJ,MAIN|O,after|BETWEEN,OBJ-TMP|O,after|BETWEEN,OBJ-TMP|O,NOCOREF,0.0,AFTER
said,led,say,lead,VVD|VVD,v|v,B-VP|B-VP,O|O,TRUE,TRUE,9,1,REPORTING|OCCURRENCE,PAST|PAST,NONE|NONE,pos|pos,FALSE,TRUE,TRUE,TRUE,O,MAIN|MAIN,after|BEGIN-BETWEEN,O|TMP,after|BEGIN-BETWEEN,O|TMP,NOCOREF,0.0,AFTER
said,made,say,make,VVD|VVN,v|v,B-VP|I-VP,O|O,FALSE,TRUE,1,0,REPORTING|OCCURRENCE,PAST|PAST,NONE|PERFECTIVE,pos|pos,FALSE,TRUE,FALSE,TRUE,OBJ-VC,MAIN|O,O|O,O|O,O|O,O|O,NOCOREF,0.0,AFTER
said,vowed,say,vow,VVD|VVD,v|v,B-VP|I-VP,O|O,TRUE,TRUE,3,0,REPORTING|I_ACTION,PAST|PAST,NONE|NONE,pos|pos,FALSE,TRUE,TRUE,TRUE,COORD-CONJ,MAIN|O,O|O,O|O,CAUSE-AMBIGUOUS|BETWEEN,OBJ-VC|O,NOCOREF,0.5201906644976,SIMULTANEOUS
said,show,say,show,VVD|VVI,v|v,B-VP|I-VP,O|O,FALSE,TRUE,4,0,REPORTING|OCCURRENCE,PAST|INFINITIVE,NONE|NONE,pos|pos,FALSE,FALSE,TRUE,TRUE,COORD-CONJ-OPRD-IM-OBJ,MAIN|O,O|O,O|O,CAUSE-AMBIGUOUS|BETWEEN,OBJ-VC|O,COREF,0.0,BEFORE
said,efforts,say,effort,VVD|NN2,v|n,B-VP|I-NP,O|O,FALSE,FALSE,5,0,REPORTING|OCCURRENCE,PAST|PRESENT,NONE|NONE,pos|pos,FALSE,FALSE,TRUE,TRUE,COORD-CONJ-OPRD-IM-OBJ-COORD-CONJ-OBJ,MAIN|O,still|BETWEEN,COORD-CONJ-OPRD-IM-OBJ-OBJ-NMOD-AMOD|O,CAUSE-AMBIGUOUS|BETWEEN,COORD-CONJ-OPRD-IM-OBJ-COORD-CONJ|OBJ,NOCOREF,0.0,BEFORE
said,clean,say,clean,VVD|VVB,v|v,B-VP|I-VP,O|O,FALSE,TRUE,6,0,REPORTING|OCCURRENCE,PAST|INFINITIVE,NONE|NONE,pos|pos,FALSE,FALSE,TRUE,TRUE,COORD-CONJ-OPRD-IM-OBJ-COORD-CONJ-OBJ-NMOD-IM,MAIN|O,still|BETWEEN,COORD-CONJ-OPRD-IM-OBJ-OBJ-NMOD-AMOD|O,CAUSE-AMBIGUOUS|BETWEEN,COORD-CONJ-OPRD-IM-OBJ-COORD-CONJ|OBJ-NMOD-IM,NOCOREF,0.0,BEFORE
hit,led,hit,lead,NN1|VVD,n|v,I-NP|B-VP,O|O,FALSE,FALSE,1,0,OCCURRENCE|OCCURRENCE,NONE|PAST,NONE|NONE,NONE|pos,TRUE,FALSE,TRUE,FALSE,TMP-PMOD-NMOD,O|MAIN,then|AFTER,O|OBJ-SBJ-TMP,after|BETWEEN,PMOD-NMOD|TMP,NOCOREF,0.08968650310495033,BEFORE
led,comply,lead,comply,VVD|VVB,v|v,B-VP|I-VP,O|O,FALSE,TRUE,3,1,OCCURRENCE|I_STATE,PAST|FUTURE,NONE|NONE,pos|pos,FALSE,FALSE,TRUE,TRUE,O,MAIN|O,then|BEGIN-BETWEEN,OBJ-SBJ-TMP|O,after|BEGIN-BEFORE,TMP|O,NOCOREF,-0.0,BEFORE
led,put,lead,put,VVD|VVD,v|v,B-VP|B-VP,O|O,TRUE,TRUE,1,0,OCCURRENCE|OCCURRENCE,PAST|PAST,NONE|NONE,pos|pos,TRUE,TRUE,TRUE,TRUE,OBJ,MAIN|O,then|BETWEEN,OBJ-SBJ-TMP|SBJ-TMP,therefore|BETWEEN,OBJ-SBJ-TMP|SBJ-TMP,COREF,0.0,SIMULTANEOUS
comply,resisted,comply,resist,VVB|VVD,v|v,I-VP|B-VP,O|O,FALSE,TRUE,1,0,I_STATE|I_ACTION,FUTURE|PAST,NONE|NONE,pos|pos,FALSE,FALSE,TRUE,TRUE,TMP-SUB,O|O,since|BETWEEN,VC-TMP|SUB,since|BETWEEN,VC-TMP|SUB,NOCOREF,-0.0,AFTER
exert,pushed,exert,push,VVI|VVN,v|v,B-VP|B-VP,O|O,FALSE,TRUE,3,1,OCCURRENCE|OCCURRENCE,PRESENT|PASTPART,NONE|NONE,pos|pos,TRUE,FALSE,TRUE,TRUE,O,MAIN|MAIN,during|BEGIN-BETWEEN,O|TMP,as|BEGIN-BEFORE,ADV|O,NOCOREF,-0.0,INCLUDES
exit,effect,exit,effect,NN1|NN1,n|n,I-NP|I-NP,O|O,TRUE,TRUE,2,0,OCCURRENCE|OCCURRENCE,PAST|PRESENT,NONE|NONE,pos|pos,TRUE,FALSE,TRUE,TRUE,O,O|O,if|BETWEEN,O|O,if|BETWEEN,O|O,NOCOREF,0.072673736959703,BEFORE
comes,resulting,come,result,NN0|VVG,v|v,B-VP|B-VP,O|O,FALSE,TRUE,5,2,OCCURRENCE|OCCURRENCE,PRESENT|PRESPART,NONE|NONE,pos|pos,TRUE,FALSE,TRUE,TRUE,O,O|O,O|O,O|O,if|BEGIN-BETWEEN,SUB|O,NOCOREF,0.0,BEFORE
exit,indebted,exit,indebted,NN1|AJ0,n|adj,I-NP|I-ADJP,O|O,FALSE,FALSE,3,0,OCCURRENCE|STATE,PAST|NONE,NONE|NONE,pos|NONE,FALSE,FALSE,TRUE,FALSE,O,O|O,if|BETWEEN,O|O,if|BETWEEN,O|O,NOCOREF,0.0,IS_INCLUDED
comes,disaster,come,disaster,NN0|NN1,v|n,B-VP|I-NP,O|O,FALSE,FALSE,4,1,OCCURRENCE|OCCURRENCE,PRESENT|NONE,NONE|NONE,pos|NONE,TRUE,FALSE,TRUE,FALSE,O,O|O,O|O,O|O,if|BEGIN-BETWEEN,SUB|O,NOCOREF,0.0,AFTER
resulting,collapse,result,collapse,VVG|NN1,v|n,B-VP|I-NP,O|O,FALSE,FALSE,1,0,OCCURRENCE|OCCURRENCE,PRESPART|NONE,NONE|NONE,pos|NONE,TRUE,FALSE,TRUE,FALSE,ADV-PMOD,O|O,O|O,O|O,from|BETWEEN,ADV|PMOD,NOCOREF,-0.0,AFTER
resulting,return,result,return,VVG|NN1,v|n,B-VP|I-NP,O|O,FALSE,FALSE,2,0,OCCURRENCE|OCCURRENCE,PRESPART|NONE,NONE|NONE,pos|NONE,TRUE,FALSE,TRUE,FALSE,ADV-PMOD-COORD-CONJ,O|O,former|AFTER,ADV-PMOD-COORD-CONJ-NMOD-PMOD-NMOD|NMOD-PMOD-NMOD,from|BETWEEN,ADV|PMOD-COORD-CONJ,NOCOREF,-0.0,AFTER
resulting,havoc,result,havoc,VVG|NN1,v|n,B-VP|I-NP,O|O,FALSE,FALSE,3,0,OCCURRENCE|STATE,PRESPART|NONE,NONE|NONE,pos|NONE,FALSE,FALSE,TRUE,FALSE,O,O|O,former|BETWEEN,ADV-PMOD-COORD-CONJ-NMOD-PMOD-NMOD|O,from|BETWEEN,ADV|O,NOCOREF,-0.0,SIMULTANEOUS
resulting,created,result,create,VVG|VVN,v|v,B-VP|I-VP,O|O,FALSE,TRUE,4,0,OCCURRENCE|ASPECTUAL,PRESPART|NONE,NONE|PERFECTIVE,pos|pos,FALSE,FALSE,FALSE,TRUE,O,O|O,former|BETWEEN,ADV-PMOD-COORD-CONJ-NMOD-PMOD-NMOD|O,from|BETWEEN,ADV|O,NOCOREF,-0.0,AFTER
created,bailed,create,bail,VVN|VVN,v|v,I-VP|I-VP,O|O,TRUE,TRUE,1,0,ASPECTUAL|OCCURRENCE,NONE|NONE,PERFECTIVE|PERFECTIVE,pos|neg,FALSE,TRUE,TRUE,FALSE,ADV-VC-VC,O|O,O|O,O|O,O|O,O|O,NOCOREF,0.0,BEFORE
resulting,bailed,result,bail,VVG|VVN,v|v,B-VP|I-VP,O|O,FALSE,TRUE,5,0,OCCURRENCE|OCCURRENCE,PRESPART|NONE,NONE|PERFECTIVE,pos|neg,TRUE,FALSE,FALSE,FALSE,O,O|O,former|BETWEEN,ADV-PMOD-COORD-CONJ-NMOD-PMOD-NMOD|O,from|BETWEEN,ADV|O,NOCOREF,-0.0,AFTER
havoc,bailed,havoc,bail,NN1|VVN,n|v,I-NP|I-VP,O|O,FALSE,FALSE,2,0,STATE|OCCURRENCE,NONE|NONE,NONE|PERFECTIVE,NONE|neg,FALSE,TRUE,FALSE,FALSE,NMOD-SUB-VC-VC-ADV-VC-VC,O|O,former|BETWEEN,O|O,O|O,O|O,NOCOREF,0.06948870388091045,AFTER
fail,creates,fail,create,VVB|NN0,v|v,I-VP|B-VP,O|O,FALSE,TRUE,2,0,OCCURRENCE|STATE,INFINITIVE|PRESENT,NONE|NONE,pos|pos,FALSE,FALSE,TRUE,TRUE,O,O|O,O|O,O|O,O|O,O|O,NOCOREF,-0.0,BEFORE
creates,struggling,create,struggle,NN0|VVG,v|v,B-VP|B-VP,O|O,FALSE,TRUE,3,2,STATE|STATE,PRESENT|PRESPART,NONE|NONE,pos|pos,TRUE,FALSE,TRUE,TRUE,O,O|O,still|BEGIN-BETWEEN,O|TMP,O|O,O|O,NOCOREF,-0.0,SIMULTANEOUS
recover,collapse,recover,collapse,VVB|NN1,v|n,I-VP|I-NP,O|O,FALSE,FALSE,1,0,OCCURRENCE|OCCURRENCE,INFINITIVE|NONE,NONE|NONE,pos|NONE,TRUE,FALSE,TRUE,FALSE,ADV-PMOD,O|O,still|BEGIN,O|O,from|BETWEEN,ADV|PMOD,NOCOREF,-0.0,AFTER
mount,forming,mount,form,NN1|VVG,v|v,B-VP|I-VP,O|O,FALSE,TRUE,2,0,OCCURRENCE|OCCURRENCE,PRESENT|PRESENT,NONE|PROGRESSIVE,pos|pos,TRUE,TRUE,FALSE,TRUE,LOC-PMOD-NMOD-PMOD-NMOD-IM-OBJ-VC,MAIN|O,as|BETWEEN,SBJ-NMOD|O,CAUSE-AMBIGUOUS|BETWEEN,LOC-PMOD-NMOD-PMOD-NMOD-IM|OBJ-VC,NOCOREF,-0.0,BEFORE
make,forming,make,form,VVB|VVG,v|v,B-VP|I-VP,O|O,FALSE,TRUE,1,0,OCCURRENCE|OCCURRENCE,PRESENT|PRESENT,NONE|PROGRESSIVE,pos|pos,TRUE,TRUE,FALSE,TRUE,OBJ-VC,O|O,as|BEGIN,O|O,O|O,O|O,NOCOREF,0.0898492474782292,BEFORE
forming,said,form,say,VVG|VVD,v|v,I-VP|B-VP,O|O,FALSE,TRUE,6,1,OCCURRENCE|REPORTING,PRESENT|PAST,PROGRESSIVE|NONE,pos|pos,FALSE,FALSE,FALSE,TRUE,O,O|MAIN,as|BEGIN-BETWEEN,O|O,O|O,O|O,NOCOREF,0.0,SIMULTANEOUS
forming,sent,form,send,VVG|VVN,v|v,I-VP|I-VP,O|O,FALSE,TRUE,1,0,OCCURRENCE|OCCURRENCE,PRESENT|PAST,PROGRESSIVE|NONE,pos|pos,TRUE,FALSE,FALSE,TRUE,OBJ-SUB-VC-VC,O|O,as|BEGIN,O|O,O|O,O|O,NOCOREF,-0.0,BEFORE
forming,start,form,start,VVG|VVB,v|v,I-VP|I-VP,O|O,FALSE,TRUE,2,0,OCCURRENCE|ASPECTUAL,PRESENT|PRESENT,PROGRESSIVE|NONE,pos|pos,FALSE,TRUE,FALSE,TRUE,OBJ-SUB-COORD-CONJ-VC,O|O,as|BEGIN,O|O,CAUSE-AMBIGUOUS|BETWEEN,VC-OBJ-SUB-VC-VC|O,NOCOREF,0.10670661244327906,BEFORE
losses,survive,los,survive,NN2|VVB,n|v,B-NP|I-VP,O|O,FALSE,FALSE,1,0,I_ACTION|OCCURRENCE,PRESPART|INFINITIVE,NONE|NONE,pos|pos,FALSE,FALSE,TRUE,TRUE,O,O|O,as|BEGIN,O|O,O|O,O|O,NOCOREF,0.0,BEFORE
forming,survive,form,survive,VVG|VVB,v|v,I-VP|I-VP,O|O,FALSE,TRUE,4,0,OCCURRENCE|OCCURRENCE,PRESENT|INFINITIVE,PROGRESSIVE|NONE,pos|pos,TRUE,FALSE,FALSE,TRUE,OBJ-SUB-COORD-CONJ-VC-OPRD-PRP-IM,O|O,as|BEGIN,O|O,CAUSE|BETWEEN,VC-OBJ-SUB-COORD-CONJ-VC|OPRD-PRP-IM,NOCOREF,-0.0,BEFORE
remove,said,remove,say,VVB|VVD,v|v,B-VP|B-VP,O|O,FALSE,TRUE,1,0,OCCURRENCE|REPORTING,PRESENT|PAST,NONE|NONE,pos|pos,FALSE,FALSE,TRUE,TRUE,OBJ-COORD-OBJ-NMOD-IM,O|MAIN,former|AFTER,O|SBJ-APPO-NMOD,O|O,O|O,NOCOREF,0.0,BEFORE
said,said,say,say,VVD|VVD,v|v,B-VP|B-VP,O|O,TRUE,TRUE,1,1,REPORTING|REPORTING,PAST|PAST,NONE|NONE,pos|pos,TRUE,TRUE,TRUE,TRUE,O,MAIN|MAIN,O|O,O|O,O|O,O|O,COREF,1.7976931348623157E308,SIMULTANEOUS
said,said,say,say,VVD|VVD,v|v,B-VP|B-VP,O|O,TRUE,TRUE,15,6,REPORTING|REPORTING,PAST|PAST,NONE|NONE,pos|pos,TRUE,TRUE,TRUE,TRUE,O,MAIN|MAIN,O|O,O|O,if|BEGIN-BETWEEN,O|O,COREF,1.7976931348623157E308,SIMULTANEOUS
said,said,say,say,VVD|VVD,v|v,B-VP|B-VP,O|O,TRUE,TRUE,33,11,REPORTING|REPORTING,PAST|PAST,NONE|NONE,pos|pos,TRUE,TRUE,TRUE,TRUE,O,MAIN|MAIN,when|BEGIN-BETWEEN,O|O,if|BEGIN-BETWEEN,O|O,COREF,1.7976931348623157E308,SIMULTANEOUS
said,notes,say,note,VVD|NN0,v|v,B-VP|B-VP,O|O,FALSE,TRUE,20,8,REPORTING|REPORTING,PAST|PRESENT,NONE|NONE,pos|pos,TRUE,FALSE,TRUE,TRUE,O,MAIN|MAIN,O|O,O|O,if|BEGIN-BETWEEN,O|O,NOCOREF,0.7296728145864961,SIMULTANEOUS
said,studied,say,study,VVD|VVN,v|v,B-VP|I-VP,O|O,FALSE,TRUE,6,1,REPORTING|OCCURRENCE,PAST|PRESENT,NONE|PERFECTIVE,pos|pos,FALSE,FALSE,FALSE,TRUE,O,MAIN|O,O|O,O|O,O|O,O|O,NOCOREF,0.0,AFTER
said,referring,say,refer,VVD|VVG,v|v,B-VP|I-VP,O|O,FALSE,TRUE,2,1,REPORTING|OCCURRENCE,PAST|NONE,NONE|NONE,pos|NONE,FALSE,FALSE,TRUE,FALSE,O,MAIN|MAIN,O|O,O|O,O|O,O|O,NOCOREF,-0.0,SIMULTANEOUS
said,touched,say,touch,VVD|VVD,v|v,B-VP|B-VP,O|O,TRUE,TRUE,3,0,REPORTING|ASPECTUAL,PAST|PAST,NONE|NONE,pos|pos,FALSE,TRUE,TRUE,TRUE,ADV-ADV-PMOD-APPO,MAIN|O,O|O,O|O,by|AFTER,ADV-ADV-PMOD-APPO-LGS|LGS,NOCOREF,0.0,AFTER
touched,collapse,touch,collapse,VVD|NN1,v|n,B-VP|I-NP,O|O,FALSE,FALSE,1,0,ASPECTUAL|OCCURRENCE,PAST|NONE,NONE|NONE,pos|NONE,FALSE,FALSE,TRUE,FALSE,LGS-PMOD,O|O,O|O,O|O,by|BETWEEN,LGS|PMOD,NOCOREF,0.0808396869341711,AFTER
forced,exit,force,exit,VVN|NN1,v|n,I-VP|I-NP,O|O,FALSE,FALSE,1,0,OCCURRENCE|OCCURRENCE,PAST|NONE,PERFECTIVE|NONE,pos|NONE,TRUE,FALSE,FALSE,FALSE,DIR-PMOD,O|O,into|BETWEEN,VC-VC-DIR|PMOD,if|BETWEEN,SUB-VC-VC|SUB-VC-VC-DIR-PMOD,NOCOREF,-0.0,BEFORE
pressure,said,pressure,say,NN1|VVD,n|v,I-NP|B-VP,O|O,FALSE,FALSE,1,0,STATE|REPORTING,PRESENT|PAST,PROGRESSIVE|NONE,pos|pos,FALSE,FALSE,FALSE,TRUE,OBJ-OBJ-VC-OBJ,O|MAIN,O|O,O|O,so|BETWEEN,NMOD-AMOD|OBJ-OBJ-VC-OBJ-NMOD-AMOD,NOCOREF,0.0,INCLUDES
pressure,saying,pressure,say,NN1|VVG,n|v,I-NP|I-VP,O|O,FALSE,FALSE,2,1,STATE|REPORTING,PRESENT|PRESENT,PROGRESSIVE|PROGRESSIVE,pos|pos,FALSE,TRUE,TRUE,TRUE,O,O|MAIN,O|O,O|O,O|O,O|O,NOCOREF,0.0,SIMULTANEOUS
saying,pushing,say,push,VVG|VVG,v|v,I-VP|B-VP,O|O,TRUE,TRUE,1,0,REPORTING|OCCURRENCE,PRESENT|PRESPART,PROGRESSIVE|NONE,pos|pos,FALSE,FALSE,FALSE,TRUE,OBJ-VC-OBJ-NMOD-PMOD,MAIN|O,O|O,O|O,O|O,O|O,NOCOREF,0.0,BEFORE
saying,losses,say,los,VVG|NN2,v|n,I-VP|I-NP,O|O,FALSE,FALSE,2,0,REPORTING|OCCURRENCE,PRESENT|PRESENT,PROGRESSIVE|NONE,pos|pos,FALSE,TRUE,FALSE,TRUE,OBJ-VC-COORD-CONJ-SUB-VC-OBJ,MAIN|O,O|O,O|O,CAUSE|BETWEEN,VC-OBJ-VC-OBJ-NMOD-PMOD|O,NOCOREF,0.0,BEFORE
losses,broke,los,break,NN2|VVD,n|v,I-NP|B-ADJP,O|O,FALSE,FALSE,1,0,OCCURRENCE|STATE,PRESENT|NONE,NONE|NONE,pos|NONE,FALSE,FALSE,TRUE,FALSE,O,O|O,O|O,O|O,O|O,O|O,NOCOREF,0.0,SIMULTANEOUS
notes,supposed,note,suppose,NN0|VVN,v|v,B-VP|I-VP,O|O,FALSE,TRUE,4,1,REPORTING|STATE,PRESENT|PRESENT,NONE|NONE,pos|pos,FALSE,TRUE,TRUE,TRUE,O,MAIN|MAIN,O|O,O|O,O|O,O|O,NOCOREF,-0.0,IS_INCLUDED
notes,put,note,put,NN0|VVN,v|v,B-VP|I-VP,O|O,FALSE,TRUE,1,0,REPORTING|OCCURRENCE,PRESENT|PAST,NONE|NONE,pos|pos,FALSE,FALSE,TRUE,TRUE,OBJ-SUB-VC,MAIN|O,after|AFTER,OBJ-SUB-VC-TMP|VC-TMP,after|AFTER,OBJ-SUB-VC-TMP|VC-TMP,NOCOREF,0.0,AFTER
put,panic,put,panic,VVN|NN1,v|n,I-VP|I-NP,O|O,FALSE,FALSE,1,0,OCCURRENCE|OCCURRENCE,PAST|NONE,NONE|NONE,pos|NONE,TRUE,FALSE,TRUE,FALSE,TMP-PMOD,O|O,after|BETWEEN,VC-TMP|PMOD,after|BETWEEN,VC-TMP|PMOD,NOCOREF,0.0,AFTER
panic,collapse,panic,collapse,NN1|NN1,n|n,I-NP|I-NP,O|O,TRUE,TRUE,1,0,OCCURRENCE|OCCURRENCE,NONE|PAST,NONE|NONE,NONE|pos,TRUE,FALSE,TRUE,FALSE,NMOD-OBJ,O|O,follow|BETWEEN,NMOD|OBJ,after|BETWEEN,PMOD|PMOD-NMOD-OBJ,NOCOREF,0.3389988107931146,AFTER
notes,collapse,note,collapse,NN0|NN1,v|n,B-VP|I-NP,O|O,FALSE,FALSE,3,0,REPORTING|OCCURRENCE,PRESENT|PAST,NONE|NONE,pos|pos,FALSE,FALSE,TRUE,TRUE,OBJ-SUB-VC-TMP-PMOD-NMOD-OBJ,MAIN|O,follow|BETWEEN,OBJ-SUB-VC-TMP-PMOD-NMOD|OBJ,after|BETWEEN,OBJ-SUB-VC-TMP|PMOD-NMOD-OBJ,NOCOREF,0.08312717175623005,AFTER
supposed,insured,suppose,insure,VVN|VVN,v|v,I-VP|I-VP,O|O,TRUE,TRUE,1,0,STATE|OCCURRENCE,PRESENT|INFINITIVE,NONE|NONE,pos|pos,FALSE,FALSE,TRUE,TRUE,OPRD-IM-VC,MAIN|MAIN,O|O,O|O,O|O,O|O,NOCOREF,-0.0,SIMULTANEOUS
admitted,snapped,admit,snapped,VVD|AJ0,v|v,B-VP|I-VP,O|O,FALSE,TRUE,3,0,REPORTING|OCCURRENCE,PAST|NONE,NONE|NONE,pos|NONE,FALSE,FALSE,TRUE,FALSE,OBJ-SUB-VC-OBJ-NMOD-IM-OBJ-NMOD-AMOD-SUB-PRD,MAIN|O,when|BETWEEN,TMP|O,so|BETWEEN,ADV|O,NOCOREF,0.0,BEFORE
admitted,said,admit,say,VVN|VVD,v|v,I-VP|B-VP,O|O,FALSE,TRUE,3,0,REPORTING|REPORTING,PRESENT|PAST,PERFECTIVE|NONE,pos|pos,TRUE,FALSE,FALSE,TRUE,OBJ-PRD-NMOD-SUB-VC,O|MAIN,O|O,O|O,ENABLE|BETWEEN,VC-OBJ-SUB-VC|OBJ-PRD-NMOD-SUB-VC-OBJ-SUB-VC,NOCOREF,-0.0,BEFORE
afford,said,afford,say,VVB|VVD,v|v,I-VP|B-VP,O|O,FALSE,TRUE,2,0,STATE|REPORTING,NONE|PAST,NONE|NONE,NONE|pos,FALSE,FALSE,TRUE,FALSE,OBJ-PRD-NMOD-SUB-VC-OBJ-SUB-VC,O|MAIN,O|O,O|O,O|O,O|O,NOCOREF,-0.0,BEFORE
pay,said,pay,say,VVB|VVD,v|v,I-VP|B-VP,O|O,FALSE,TRUE,1,0,OCCURRENCE|REPORTING,INFINITIVE|PAST,NONE|NONE,pos|pos,FALSE,FALSE,TRUE,TRUE,OBJ-PRD-NMOD-SUB-VC-OBJ-SUB-VC-OPRD-IM,O|MAIN,O|O,O|O,O|O,O|O,NOCOREF,0.0,BEFORE
said,expulsion,say,expulsion,VVD|NN1,v|n,B-VP|I-NP,O|O,FALSE,FALSE,1,1,REPORTING|OCCURRENCE,PAST|PAST,NONE|NONE,pos|pos,FALSE,TRUE,TRUE,TRUE,O,MAIN|O,O|O,O|O,from|BEGIN-BETWEEN,O|NMOD,NOCOREF,0.0,BEFORE
evanescent,converted,evanescent,convert,AJ0|VVN,adj|v,I-ADJP|I-VP,O|O,FALSE,FALSE,1,0,STATE|OCCURRENCE,NONE|PRESENT,NONE|NONE,NONE|pos,FALSE,FALSE,TRUE,FALSE,O,O|O,once|BETWEEN,O|SUB-VC,from|BEGIN,O|O,NOCOREF,0.0,AFTER
expulsion,converted,expulsion,convert,NN1|VVN,n|v,I-NP|I-VP,O|O,FALSE,FALSE,2,0,OCCURRENCE|OCCURRENCE,PAST|PRESENT,NONE|NONE,pos|pos,TRUE,FALSE,TRUE,TRUE,O,O|O,once|BETWEEN,O|SUB-VC,from|BETWEEN,NMOD|O,NOCOREF,-0.0,BEFORE
expulsion,adopting,expulsion,adopt,NN1|VVG,n|v,I-NP|B-VP,O|O,FALSE,FALSE,3,0,OCCURRENCE|OCCURRENCE,PAST|PRESPART,NONE|NONE,pos|pos,TRUE,FALSE,TRUE,TRUE,O,O|O,before|BETWEEN,O|PMOD,from|BETWEEN,NMOD|O,NOCOREF,0.0,AFTER
informed,denied,inform,deny,VVN|VVN,v|v,I-VP|I-VP,O|O,TRUE,TRUE,8,1,REPORTING|OCCURRENCE,PAST|PASTPART,NONE|NONE,pos|pos,FALSE,FALSE,TRUE,TRUE,O,MAIN|MAIN,O|O,O|O,O|O,O|O,NOCOREF,-0.0,AFTER
informed,ruling,inform,ruling,VVN|NN1,v|n,I-VP|I-NP,O|O,FALSE,FALSE,18,4,REPORTING|OCCURRENCE,PAST|PRESENT,NONE|NONE,pos|neg,FALSE,FALSE,TRUE,FALSE,O,MAIN|O,as|BEGIN-BETWEEN,O|O,O|O,O|O,NOCOREF,0.0,AFTER
informed,face,inform,face,VVN|VVB,v|v,I-VP|I-VP,O|O,FALSE,TRUE,2,0,REPORTING|I_ACTION,PAST|PRESENT,NONE|NONE,pos|pos,FALSE,FALSE,TRUE,TRUE,OBJ-SUB-VC,MAIN|O,O|O,O|O,O|O,O|O,NOCOREF,0.4686322329022281,BEFORE
investigation,abused,investigation,abuse,NN1|VVD,n|v,I-NP|B-VP,O|O,FALSE,FALSE,1,0,OCCURRENCE|OCCURRENCE,PRESENT|PAST,NONE|NONE,pos|pos,TRUE,FALSE,TRUE,TRUE,NMOD-PMOD-SUB,O|O,into|BETWEEN,NMOD|PMOD-SUB,O|O,O|O,NOCOREF,0.19564899575931557,AFTER
informed,abused,inform,abuse,VVN|VVD,v|v,I-VP|B-VP,O|O,FALSE,TRUE,4,0,REPORTING|OCCURRENCE,PAST|PAST,NONE|NONE,pos|pos,FALSE,TRUE,TRUE,TRUE,OBJ-SUB-VC-OBJ-NMOD-PMOD-SUB,MAIN|O,into|BETWEEN,VC-OBJ-SUB-VC-OBJ-NMOD|PMOD-SUB,O|O,O|O,NOCOREF,0.4181077012282682,AFTER
informed,get,inform,get,VVN|VVB,v|v,I-VP|I-VP,O|O,FALSE,TRUE,5,0,REPORTING|OCCURRENCE,PAST|INFINITIVE,NONE|NONE,pos|pos,FALSE,FALSE,TRUE,TRUE,OBJ-SUB-VC-OBJ-NMOD-PMOD-COORD-COORD-CONJ-NMOD-IM,MAIN|O,into|BETWEEN,VC-OBJ-SUB-VC-OBJ-NMOD|PMOD-COORD-COORD-CONJ-NMOD-IM,O|O,O|O,NOCOREF,-0.0,AFTER
denied,called,deny,call,VVN|VVD,v|v,I-VP|B-VP,O|O,FALSE,TRUE,3,1,OCCURRENCE|REPORTING,PASTPART|PAST,NONE|NONE,pos|pos,FALSE,FALSE,TRUE,TRUE,O,MAIN|MAIN,as|BEGIN-BETWEEN,VC-OPRD-ADV-COORD-COORD-CONJ-PMOD-APPO-AMOD|O,O|O,O|O,NOCOREF,-0.0,BEFORE
denied,accepting,deny,accept,VVN|VVG,v|v,I-VP|I-VP,O|O,FALSE,TRUE,1,0,OCCURRENCE|I_ACTION,PASTPART|PRESPART,NONE|NONE,pos|pos,FALSE,FALSE,TRUE,TRUE,OPRD,MAIN|MAIN,as|AFTER,VC-OPRD-ADV-COORD-COORD-CONJ-PMOD-APPO-AMOD|ADV-COORD-COORD-CONJ-PMOD-APPO-AMOD,from|AFTER,VC-OPRD-ADV|ADV,NOCOREF,-0.0,AFTER
called,said,call,say,VVD|VVD,v|v,B-VP|B-VP,O|O,TRUE,TRUE,5,1,REPORTING|REPORTING,PAST|PAST,NONE|NONE,pos|pos,TRUE,TRUE,TRUE,TRUE,O,MAIN|MAIN,O|O,O|O,O|O,O|O,COREF,0.0,SIMULTANEOUS
called,decision,call,decision,VVD|NN1,v|n,B-VP|I-NP,O|O,FALSE,FALSE,1,0,REPORTING|OCCURRENCE,PAST|PAST,NONE|NONE,pos|pos,FALSE,TRUE,TRUE,TRUE,OBJ,MAIN|O,O|O,O|O,O|O,O|O,COREF,-0.0,AFTER
called,believes,call,believe,VVD|NN0,v|v,B-VP|B-VP,O|O,FALSE,TRUE,3,0,REPORTING|I_STATE,PAST|PRESENT,NONE|NONE,pos|pos,FALSE,FALSE,TRUE,TRUE,OBJ-NMOD-OBJ-SUB,MAIN|O,O|O,O|O,O|O,O|O,NOCOREF,-0.0,AFTER
said,ruling,say,ruling,VVD|NN1,v|n,B-VP|I-NP,O|O,FALSE,FALSE,2,1,REPORTING|OCCURRENCE,PAST|PRESENT,NONE|NONE,pos|neg,FALSE,FALSE,TRUE,FALSE,O,MAIN|O,O|O,O|O,O|O,O|O,NOCOREF,0.0,AFTER
said,appeal,say,appeal,VVD|VVB,v|v,B-VP|I-VP,O|O,FALSE,TRUE,1,0,REPORTING|OCCURRENCE,PAST|PRESENT,NONE|NONE,pos|pos,FALSE,FALSE,TRUE,TRUE,OBJ-VC,MAIN|O,O|O,O|O,O|O,O|O,NOCOREF,0.0,BEFORE
ruling,lost,ruling,lose,NN1|VVD,n|v,I-NP|B-VP,O|O,FALSE,FALSE,2,0,OCCURRENCE|OCCURRENCE,PRESENT|PAST,NONE|NONE,neg|pos,TRUE,FALSE,TRUE,FALSE,O,O|O,O|O,O|O,O|O,O|O,NOCOREF,0.0,AFTER
ruling,bid,ruling,bid,NN1|VVD,n|v,I-NP|I-NP,O|O,FALSE,FALSE,3,0,OCCURRENCE|OCCURRENCE,PRESENT|NONE,NONE|NONE,neg|NONE,TRUE,FALSE,TRUE,FALSE,O,O|O,O|O,O|O,O|O,O|O,NOCOREF,0.29404308401292567,AFTER
ruling,stand,ruling,stand,NN1|VVB,n|v,I-NP|I-VP,O|O,FALSE,FALSE,5,0,OCCURRENCE|I_STATE,PRESENT|FUTURE,NONE|NONE,neg|pos,FALSE,FALSE,TRUE,FALSE,O,O|O,O|O,O|O,from|BETWEEN,O|SBJ-NMOD-OBJ-COORD-CONJ-PMOD-NMOD,NOCOREF,-0.0,BEFORE
ruling,trial,ruling,trial,NN1|NN1,n|n,I-NP|B-NP,O|O,TRUE,TRUE,6,0,OCCURRENCE|OCCURRENCE,PRESENT|FUTURE,NONE|NONE,neg|pos,TRUE,FALSE,TRUE,FALSE,O,O|O,O|O,O|O,from|BETWEEN,O|O,NOCOREF,0.2943371747530587,BEFORE
vote,slipped,vote,slip,NN1|VVD,n|v,I-NP|B-VP,O|O,FALSE,FALSE,1,0,OCCURRENCE|OCCURRENCE,NONE|PAST,NONE|NONE,NONE|pos,TRUE,FALSE,TRUE,FALSE,TMP-SUB-PRP-PMOD,O|MAIN,before|BEGIN,SUB-PRP-PMOD|TMP,O|O,O|O,NOCOREF,0.27521415657414605,AFTER
slipped,marched,slip,marched,VVD|AJ0,v|v,B-VP|B-VP,O|O,FALSE,TRUE,4,1,OCCURRENCE|OCCURRENCE,PAST|NONE,NONE|NONE,pos|NONE,TRUE,FALSE,TRUE,FALSE,O,MAIN|O,before|BEGIN-BEFORE,TMP|O,O|O,O|O,NOCOREF,0.0,BEFORE
slipped,savor,slip,savor,VVD|VVB,v|v,B-VP|I-VP,O|O,FALSE,TRUE,1,0,OCCURRENCE|OCCURRENCE,PAST|INFINITIVE,NONE|NONE,pos|pos,TRUE,FALSE,TRUE,TRUE,PRP-IM,MAIN|O,into|BETWEEN,DIR|O,O|O,O|O,NOCOREF,0.1691309772413543,BEFORE
sat,marched,sit,marched,VVD|AJ0,v|v,B-VP|B-VP,O|O,FALSE,TRUE,2,0,OCCURRENCE|OCCURRENCE,PAST|NONE,NONE|NONE,pos|NONE,TRUE,FALSE,TRUE,FALSE,LOC-PMOD-NMOD-VC-ADV-APPO,MAIN|O,O|O,O|O,from|BETWEEN,LOC-PMOD-NMOD-SBJ-NMOD-PMOD-NMOD|O,NOCOREF,0.0,SIMULTANEOUS
cast,marched,cast,marched,VVN|AJ0,v|v,I-VP|B-VP,O|O,FALSE,TRUE,1,0,OCCURRENCE|OCCURRENCE,PAST|NONE,PERFECTIVE|NONE,pos|NONE,TRUE,FALSE,FALSE,FALSE,ADV-APPO,O|O,O|O,O|O,from|BETWEEN,SBJ-NMOD-PMOD-NMOD|O,NOCOREF,0.0,BEFORE
marched,told,marched,tell,AJ0|VVD,v|v,B-VP|B-VP,O|O,FALSE,TRUE,1,1,OCCURRENCE|REPORTING,NONE|PAST,NONE|NONE,NONE|pos,FALSE,FALSE,TRUE,FALSE,O,O|O,O|O,O|O,O|O,O|O,NOCOREF,0.0,BEFORE
deployed,taking,deploy,take,VVN|VVG,v|v,B-VP|I-VP,O|O,FALSE,TRUE,1,0,OCCURRENCE|OCCURRENCE,INFINITIVE|PRESENT,NONE|PROGRESSIVE,pos|pos,TRUE,FALSE,FALSE,TRUE,SBJ-NMOD-VC-OPRD-IM,O|MAIN,into|AFTER,O|VC-ADV,by|BETWEEN,VC-LGS|SBJ-NMOD-VC-OPRD-IM-VC-LGS,NOCOREF,-0.0,AFTER
working,develop,work,develop,VVG|VVB,v|v,I-VP|I-VP,O|O,FALSE,TRUE,1,0,OCCURRENCE|OCCURRENCE,PRESENT|INFINITIVE,PERFECTIVE_PROGRESSIVE|NONE,pos|pos,TRUE,FALSE,FALSE,TRUE,OPRD-IM,MAIN|MAIN,O|O,O|O,O|O,O|O,NOCOREF,-0.0,SIMULTANEOUS
bought,confident,buy,confident,VVD|AJ0,v|adj,B-VP|B-ADJP,O|O,FALSE,FALSE,2,0,OCCURRENCE|I_STATE,PAST|PRESENT,NONE|NONE,pos|pos,FALSE,FALSE,TRUE,TRUE,SBJ-NMOD,O|O,O|O,O|O,from|BETWEEN,ADV|SBJ-NMOD-ADV,NOCOREF,0.0,BEFORE
confident,upgrade,confident,upgrade,AJ0|VVB,adj|v,B-ADJP|I-VP,O|O,FALSE,FALSE,1,0,I_STATE|OCCURRENCE,PRESENT|INFINITIVE,NONE|NONE,pos|pos,FALSE,FALSE,TRUE,TRUE,LOC-PMOD-NMOD-IM,O|O,O|O,O|O,O|O,O|O,NOCOREF,0.0,SIMULTANEOUS
confident,becoming,confident,become,AJ0|VVG,adj|v,B-ADJP|B-VP,O|O,FALSE,FALSE,2,0,I_STATE|ASPECTUAL,PRESENT|PRESPART,NONE|NONE,pos|pos,FALSE,FALSE,TRUE,TRUE,ADV,O|O,O|O,O|O,O|O,O|O,NOCOREF,0.0,INCLUDES
confident,use,confident,use,AJ0|VVB,adj|v,B-ADJP|I-VP,O|O,FALSE,FALSE,3,0,I_STATE|OCCURRENCE,PRESENT|INFINITIVE,NONE|NONE,pos|pos,FALSE,FALSE,TRUE,TRUE,ADV-PRD-NMOD-IM,O|O,as|AFTER,ADV-PRD-NMOD-IM-ADV|ADV,in_connection_with|AFTER,ADV-PRD-NMOD-IM-ADV|ADV,NOCOREF,0.0,INCLUDES
say,performs,say,perform,VVI|NN0,v|v,B-VP|B-VP,O|O,FALSE,TRUE,3,1,REPORTING|OCCURRENCE,PRESENT|PRESENT,NONE|NONE,pos|pos,FALSE,TRUE,TRUE,TRUE,O,MAIN|O,if|BEGIN-BETWEEN,O|SUB,if|BEGIN-BETWEEN,O|SUB,NOCOREF,-0.0,BEFORE
performs,said,perform,say,NN0|VVD,v|v,B-VP|B-VP,O|O,FALSE,TRUE,7,1,OCCURRENCE|REPORTING,PRESENT|PAST,NONE|NONE,pos|pos,FALSE,FALSE,TRUE,TRUE,O,O|MAIN,if|BEGIN-BEFORE,SUB|O,if|BEGIN-BETWEEN,SUB|O,NOCOREF,-0.0,AFTER
performs,used,perform,use,NN0|VVN,v|v,B-VP|I-VP,O|O,FALSE,TRUE,2,0,OCCURRENCE|OCCURRENCE,PRESENT|PAST,NONE|NONE,pos|pos,TRUE,FALSE,TRUE,TRUE,ADV-SUB,O|MAIN,as|BETWEEN,ADV|ADV-SUB-ADV,if|BETWEEN,SUB|ADV,NOCOREF,-0.0,BEFORE
performs,supercharge,perform,supercharge,NN0|VVB,v|v,B-VP|I-VP,O|O,FALSE,TRUE,3,0,OCCURRENCE|OCCURRENCE,PRESENT|INFINITIVE,NONE|NONE,pos|pos,TRUE,FALSE,TRUE,TRUE,O,O|MAIN,as|BETWEEN,ADV|O,if|BETWEEN,SUB|O,NOCOREF,-0.0,BEFORE
performs,solving,perform,solve,NN0|VVG,v|v,B-VP|B-VP,O|O,FALSE,TRUE,4,0,OCCURRENCE|OCCURRENCE,PRESENT|PRESPART,NONE|NONE,pos|pos,TRUE,FALSE,TRUE,TRUE,O,O|O,still|BETWEEN,O|O,if|BETWEEN,SUB|O,NOCOREF,-0.0,BEFORE
performs,done,perform,do,NN0|VVN,v|v,B-VP|I-VP,O|O,FALSE,TRUE,5,0,OCCURRENCE|OCCURRENCE,PRESENT|PAST,NONE|NONE,pos|pos,TRUE,FALSE,TRUE,TRUE,O,O|O,as|BETWEEN,O|AMOD-SUB-VC-VC,if|BETWEEN,SUB|O,COREF,-0.0,AFTER
said,tell,say,tell,VVD|VVB,v|v,B-VP|I-VP,O|O,FALSE,TRUE,4,1,REPORTING|PERCEPTION,PAST|INFINITIVE,NONE|NONE,pos|pos,FALSE,FALSE,TRUE,TRUE,O,MAIN|O,O|O,O|O,O|O,O|O,NOCOREF,1.0,BEFORE
said,use,say,use,VVD|VVB,v|v,B-VP|I-VP,O|O,FALSE,TRUE,1,0,REPORTING|OCCURRENCE,PAST|PRESENT,NONE|NONE,pos|pos,FALSE,FALSE,TRUE,TRUE,OBJ-VC,MAIN|O,O|O,O|O,O|O,O|O,NOCOREF,0.0,BEFORE
said,create,say,create,VVD|VVB,v|v,B-VP|I-VP,O|O,FALSE,TRUE,2,0,REPORTING|OCCURRENCE,PAST|PRESENT,NONE|NONE,pos|pos,FALSE,FALSE,TRUE,TRUE,OBJ-VC-OPRD-IM,MAIN|O,O|O,O|O,O|O,O|O,NOCOREF,-0.0,BEFORE
said,test,say,test,VVD|VVB,v|v,B-VP|I-VP,O|O,FALSE,TRUE,3,0,REPORTING|OCCURRENCE,PAST|NONE,NONE|NONE,pos|NONE,FALSE,FALSE,TRUE,FALSE,OBJ-VC-OPRD-IM-COORD-CONJ,MAIN|O,O|O,O|O,O|O,O|O,NOCOREF,0.0,BEFORE
react,burst,react,burst,VVB|NN1,v|n,I-VP|I-NP,O|O,FALSE,FALSE,1,0,OCCURRENCE|OCCURRENCE,PRESENT|NONE,NONE|NONE,pos|NONE,TRUE,FALSE,TRUE,FALSE,ADV-PMOD,O|O,O|O,O|O,O|O,O|O,NOCOREF,-0.0,AFTER
broke,hoping,break,hope,VVD|VVG,v|v,B-VP|I-VP,O|O,FALSE,TRUE,6,1,OCCURRENCE|I_STATE,PAST|PRESENT,NONE|PROGRESSIVE,pos|pos,FALSE,FALSE,FALSE,TRUE,O,MAIN|MAIN,when|BEGIN-BETWEEN,TMP-TMP|O,O|O,O|O,NOCOREF,0.08451746569888789,BEFORE
apologized,outcome,apologize,outcome,VVD|NN1,v|n,B-VP|I-NP,O|O,FALSE,FALSE,10,1,OCCURRENCE|OCCURRENCE,PAST|NONE,NONE|NONE,pos|NONE,TRUE,FALSE,TRUE,FALSE,O,MAIN|O,O|O,O|O,O|O,O|O,NOCOREF,0.0,SIMULTANEOUS
apologized,raid,apologize,raid,VVD|NN1,v|n,B-VP|I-NP,O|O,FALSE,FALSE,2,0,OCCURRENCE|OCCURRENCE,PAST|NONE,NONE|NONE,pos|NONE,TRUE,FALSE,TRUE,FALSE,ADV-PMOD,MAIN|O,O|O,O|O,O|O,O|O,NOCOREF,-0.0,AFTER
apologized,help,apologize,help,VVD|VVB,v|v,B-VP|I-VP,O|O,FALSE,TRUE,4,0,OCCURRENCE|I_ACTION,PAST|PRESENT,NONE|NONE,pos|pos,FALSE,FALSE,TRUE,TRUE,ADV-NMOD-VC,MAIN|O,O|O,O|O,O|O,O|O,NOCOREF,-0.0,BEFORE
apologized,restore,apologize,restore,VVD|VVB,v|v,B-VP|I-VP,O|O,FALSE,TRUE,5,0,OCCURRENCE|OCCURRENCE,PAST|PRESENT,NONE|NONE,pos|pos,TRUE,FALSE,TRUE,TRUE,ADV-NMOD-VC-OPRD,MAIN|O,O|O,O|O,ENABLE|BETWEEN,ADV-NMOD-VC|OPRD,NOCOREF,-0.0,BEFORE
happened,outcome,happen,outcome,VVD|NN1,v|n,B-VP|I-NP,O|O,FALSE,FALSE,3,0,OCCURRENCE|OCCURRENCE,PAST|NONE,NONE|NONE,pos|NONE,TRUE,FALSE,TRUE,FALSE,O,O|O,as|BETWEEN,TMP|O,as|BETWEEN,SBJ-NMOD|PRD,NOCOREF,0.0,SIMULTANEOUS
wrapped,outcome,wrap,outcome,VVD|NN1,v|n,B-VP|I-NP,O|O,FALSE,FALSE,2,0,OCCURRENCE|OCCURRENCE,PAST|NONE,NONE|NONE,pos|NONE,TRUE,FALSE,TRUE,FALSE,O,O|O,as|BETWEEN,SUB|O,O|O,O|O,NOCOREF,-0.0,INCLUDES
visit,outcome,visit,outcome,NN1|NN1,n|n,I-NP|I-NP,O|O,TRUE,TRUE,1,0,OCCURRENCE|OCCURRENCE,PAST|NONE,NONE|NONE,pos|NONE,TRUE,FALSE,TRUE,FALSE,O,O|O,O|O,O|O,O|O,O|O,NOCOREF,0.2654077282761633,INCLUDES
outcome,confirmed,outcome,confirm,NN1|VVD,n|v,I-NP|B-VP,O|O,FALSE,FALSE,4,1,OCCURRENCE|REPORTING,NONE|PAST,NONE|NONE,NONE|pos,FALSE,FALSE,TRUE,FALSE,O,O|MAIN,as|BEGIN-BETWEEN,O|O,O|O,O|O,NOCOREF,0.0,BEFORE
outcome,trip,outcome,trip,NN1|NN1,n|n,I-NP|I-NP,O|O,TRUE,TRUE,1,0,OCCURRENCE|OCCURRENCE,NONE|NONE,NONE|NONE,NONE|NONE,TRUE,TRUE,TRUE,TRUE,NMOD-PMOD,O|O,O|O,O|O,from|BETWEEN,NMOD|PMOD,NOCOREF,0.284250672760181,IS_INCLUDED
outcome,seemed,outcome,seem,NN1|VVD,n|v,I-NP|B-VP,O|O,FALSE,FALSE,2,0,OCCURRENCE|I_STATE,NONE|PAST,NONE|NONE,NONE|pos,FALSE,FALSE,TRUE,FALSE,NMOD-PMOD-NMOD,O|O,O|O,O|O,from|BETWEEN,NMOD|PMOD-NMOD,NOCOREF,0.0,AFTER
outcome,yield,outcome,yield,NN1|VVB,n|v,I-NP|I-VP,O|O,FALSE,FALSE,3,0,OCCURRENCE|OCCURRENCE,NONE|INFINITIVE,NONE|NONE,NONE|pos,TRUE,FALSE,TRUE,FALSE,NMOD-PMOD-NMOD-OPRD-IM,O|O,O|O,O|O,from|BETWEEN,NMOD|PMOD-NMOD-OPRD-IM,NOCOREF,0.26998018091244474,AFTER
confirmed,said,confirm,say,VVD|VVD,v|v,B-VP|B-VP,O|O,TRUE,TRUE,7,1,REPORTING|REPORTING,PAST|PAST,NONE|NONE,pos|pos,TRUE,TRUE,TRUE,TRUE,O,MAIN|MAIN,O|O,O|O,O|O,O|O,NOCOREF,-0.0,SIMULTANEOUS
apologized,confirmed,apologize,confirm,VVD|VVD,v|v,B-VP|B-VP,O|O,TRUE,TRUE,14,2,OCCURRENCE|REPORTING,PAST|PAST,NONE|NONE,pos|pos,FALSE,TRUE,TRUE,TRUE,O,MAIN|MAIN,as|BEGIN-BETWEEN,O|O,O|O,O|O,NOCOREF,-0.0,BEFORE
confirmed,conversation,confirm,conversation,VVD|NN1,v|n,B-VP|I-NP,O|O,FALSE,FALSE,1,0,REPORTING|OCCURRENCE,PAST|NONE,NONE|NONE,pos|NONE,FALSE,FALSE,TRUE,FALSE,OBJ-SUB-LOC-PMOD,MAIN|O,O|O,O|O,O|O,O|O,NOCOREF,0.0,AFTER
confirmed,agreed,confirm,agree,VVD|VVD,v|v,B-VP|B-VP,O|O,TRUE,TRUE,2,0,REPORTING|I_ACTION,PAST|PAST,NONE|NONE,pos|pos,FALSE,TRUE,TRUE,TRUE,OBJ-SUB,MAIN|O,O|O,O|O,O|O,O|O,NOCOREF,-0.0,AFTER
confirmed,dispatch,confirm,dispatch,VVD|NN1,v|n,B-VP|I-NP,O|O,FALSE,FALSE,4,0,REPORTING|OCCURRENCE,PAST|NONE,NONE|NONE,pos|NONE,FALSE,FALSE,TRUE,FALSE,OBJ-SUB-OPRD-IM-OBJ-NMOD-PMOD,MAIN|O,O|O,O|O,O|O,O|O,NOCOREF,-0.0,BEFORE
confirmed,cancellation,confirm,cancellation,VVD|NN1,v|n,B-VP|I-NP,O|O,FALSE,FALSE,5,0,REPORTING|OCCURRENCE,PAST|NONE,NONE|NONE,pos|NONE,FALSE,FALSE,TRUE,FALSE,OBJ-SUB-OPRD-IM-OBJ-NMOD-PMOD-COORD-CONJ,MAIN|O,O|O,O|O,O|O,O|O,NOCOREF,0.0,BEFORE
accepted,said,accept,say,VVD|VVD,v|v,B-VP|B-VP,O|O,TRUE,TRUE,1,0,OCCURRENCE|REPORTING,PAST|PAST,NONE|NONE,pos|pos,FALSE,TRUE,TRUE,TRUE,OBJ,O|MAIN,O|O,O|O,O|O,O|O,NOCOREF,-0.0,BEFORE
said,sought,say,seek,VVD|VVN,v|v,B-VP|B-VP,O|O,FALSE,TRUE,1,1,REPORTING|I_ACTION,PAST|PRESENT,NONE|PERFECTIVE,pos|pos,FALSE,FALSE,FALSE,TRUE,O,MAIN|MAIN,O|O,O|O,O|O,O|O,NOCOREF,0.0,AFTER
apologized,sought,apologize,seek,VVD|VVN,v|v,B-VP|B-VP,O|O,FALSE,TRUE,22,4,OCCURRENCE|I_ACTION,PAST|PRESENT,NONE|PERFECTIVE,pos|pos,FALSE,FALSE,FALSE,TRUE,O,MAIN|MAIN,as|BEGIN-BETWEEN,O|O,O|O,O|O,NOCOREF,-0.0,AFTER
sought,left,seek,leave,VVN|VVD,v|v,B-VP|B-VP,O|O,FALSE,TRUE,7,1,I_ACTION|ASPECTUAL,PRESENT|PAST,PERFECTIVE|NONE,pos|pos,FALSE,FALSE,FALSE,TRUE,O,MAIN|MAIN,O|O,O|O,O|O,O|O,NOCOREF,0.0,AFTER
sought,raid,seek,raid,VVN|NN1,v|n,B-VP|I-NP,O|O,FALSE,FALSE,1,0,I_ACTION|OCCURRENCE,PRESENT|NONE,PERFECTIVE|NONE,pos|NONE,FALSE,FALSE,FALSE,FALSE,ADV-PMOD,MAIN|O,O|O,O|O,O|O,O|O,NOCOREF,0.0,AFTER
sought,break,seek,break,VVN|VVB,v|v,B-VP|I-VP,O|O,FALSE,TRUE,4,0,I_ACTION|OCCURRENCE,PRESENT|INFINITIVE,PERFECTIVE|NONE,pos|pos,FALSE,FALSE,FALSE,TRUE,ADV-PMOD-NMOD-PRD-NMOD-PMOD-NMOD-OPRD-IM,MAIN|O,O|O,O|O,O|O,O|O,NOCOREF,0.0,AFTER
raid,left,raid,leave,NN1|VVD,n|v,I-NP|B-VP,O|O,FALSE,FALSE,1,0,OCCURRENCE|ASPECTUAL,PAST|PAST,NONE|NONE,pos|pos,FALSE,TRUE,TRUE,TRUE,SBJ,O|MAIN,O|O,O|O,O|O,O|O,NOCOREF,0.07608892803349714,BEFORE
left,said,leave,say,VVD|VVD,v|v,B-VP|B-VP,O|O,TRUE,TRUE,10,1,ASPECTUAL|REPORTING,PAST|PAST,NONE|NONE,pos|pos,FALSE,TRUE,TRUE,TRUE,O,MAIN|MAIN,O|O,O|O,because_of|BEGIN-BETWEEN,O|OBJ-ADV,NOCOREF,0.0,BEFORE
investigation,said,investigation,say,NN1|VVD,n|v,I-NP|B-VP,O|O,FALSE,FALSE,8,0,OCCURRENCE|REPORTING,NONE|PAST,NONE|NONE,NONE|pos,FALSE,FALSE,TRUE,FALSE,OBJ-ADV-PMOD-NMOD-PMOD,O|MAIN,into|BETWEEN,NMOD|OBJ-ADV-PMOD-NMOD-PMOD-NMOD,because_of|BETWEEN,PMOD-NMOD-PMOD|OBJ-ADV,NOCOREF,0.0,BEFORE
incident,said,incident,say,NN1|VVD,n|v,I-NP|B-VP,O|O,FALSE,FALSE,7,0,OCCURRENCE|REPORTING,NONE|PAST,NONE|NONE,NONE|pos,FALSE,FALSE,TRUE,FALSE,OBJ-ADV-PMOD-NMOD-PMOD-NMOD-PMOD,O|MAIN,O|O,O|O,because_of|BEGIN,PMOD-NMOD-PMOD-NMOD-PMOD|OBJ-ADV,NOCOREF,0.0,BEFORE
pointed,said,point,say,VVD|VVD,v|v,B-VP|B-VP,O|O,TRUE,TRUE,6,0,REPORTING|REPORTING,PAST|PAST,NONE|NONE,pos|pos,TRUE,TRUE,TRUE,TRUE,OBJ-ADV-PMOD-NMOD-PMOD-NMOD-PMOD-NMOD,O|MAIN,O|O,O|O,because_of|BEGIN,PMOD-NMOD-PMOD-NMOD-PMOD-NMOD|OBJ-ADV,NOCOREF,0.0,BEFORE
apologized,said,apologize,say,VVD|VVD,v|v,B-VP|B-VP,O|O,TRUE,TRUE,5,0,OCCURRENCE|REPORTING,PAST|PAST,NONE|NONE,pos|pos,FALSE,TRUE,TRUE,TRUE,OBJ,O|MAIN,O|O,O|O,because_of|BEGIN,ADV|OBJ-ADV,NOCOREF,-0.0,BEFORE
loss,said,loss,say,NN1|VVD,n|v,B-NP|B-VP,O|O,FALSE,FALSE,3,0,OCCURRENCE|REPORTING,NONE|PAST,NONE|NONE,NONE|pos,FALSE,FALSE,TRUE,FALSE,OBJ-ADV-PMOD-NMOD-PMOD-NMOD-VC-VC-ADV-PMOD,O|MAIN,O|O,O|O,because_of|BEGIN,O|OBJ-ADV,NOCOREF,0.0,BEFORE
agreed,said,agree,say,VVD|VVD,v|v,B-VP|B-VP,O|O,TRUE,TRUE,2,0,I_ACTION|REPORTING,PAST|PAST,NONE|NONE,pos|pos,FALSE,TRUE,TRUE,TRUE,OBJ-ADV-PMOD-NMOD-PMOD-NMOD-COORD-CONJ,O|MAIN,O|O,O|O,because_of|BEGIN,O|OBJ-ADV,NOCOREF,-0.0,BEFORE
complete,said,complete,say,VVB|VVD,v|v,I-VP|B-VP,O|O,FALSE,TRUE,1,0,ASPECTUAL|REPORTING,INFINITIVE|PAST,NONE|NONE,pos|pos,FALSE,FALSE,TRUE,TRUE,OBJ-ADV-PMOD-NMOD-PMOD-NMOD-COORD-CONJ-OPRD-IM,O|MAIN,O|O,O|O,because_of|BEGIN,O|OBJ-ADV,NOCOREF,-0.0,BEFORE
call,told,call,tell,NN1|VVD,n|v,I-NP|B-VP,O|O,FALSE,FALSE,34,6,OCCURRENCE|REPORTING,PAST|PAST,NONE|NONE,pos|pos,FALSE,TRUE,TRUE,TRUE,O,O|MAIN,as|BEGIN-BETWEEN,NMOD-TMP|O,O|O,O|O,NOCOREF,0.0,INCLUDES
told,happened,tell,happen,VVD|VVD,v|v,B-VP|B-VP,O|O,TRUE,TRUE,1,0,REPORTING|OCCURRENCE,PAST|PAST,NONE|NONE,pos|pos,FALSE,TRUE,TRUE,TRUE,OBJ-SUB,MAIN|O,O|O,O|O,O|O,O|O,NOCOREF,-0.0,AFTER
told,expresses,tell,express,VVD|NN0,v|n,B-VP|I-NP,O|O,FALSE,FALSE,2,0,REPORTING|OCCURRENCE,PAST|NONE,NONE|NONE,pos|NONE,FALSE,FALSE,TRUE,FALSE,OBJ-SUB-COORD-COORD-CONJ,MAIN|O,O|O,O|O,O|O,O|O,COREF,0.0,IS_INCLUDED
said,said,say,say,VVD|VVD,v|v,B-VP|B-VP,O|O,TRUE,TRUE,5,1,REPORTING|REPORTING,PAST|PAST,NONE|NONE,pos|pos,TRUE,TRUE,TRUE,TRUE,O,MAIN|MAIN,later|BEGIN-BETWEEN,TMP|O,O|O,O|O,COREF,1.7976931348623157E308,SIMULTANEOUS
call,said,call,say,NN1|VVD,n|v,I-NP|B-VP,O|O,FALSE,FALSE,39,7,OCCURRENCE|REPORTING,PAST|PAST,NONE|NONE,pos|pos,FALSE,TRUE,TRUE,TRUE,O,O|MAIN,as|BEGIN-BETWEEN,NMOD-TMP|O,O|O,O|O,NOCOREF,0.0,BEFORE
said,conference,say,conference,VVD|NN1,v|n,B-VP|I-NP,O|O,FALSE,FALSE,1,0,REPORTING|OCCURRENCE,PAST|NONE,NONE|NONE,pos|NONE,FALSE,FALSE,TRUE,FALSE,LOC-PMOD,MAIN|O,later|BETWEEN,TMP|O,O|O,O|O,NOCOREF,0.0,IS_INCLUDED
said,spoken,say,speak,VVD|VVN,v|v,B-VP|I-VP,O|O,FALSE,TRUE,2,0,REPORTING|OCCURRENCE,PAST|PAST,NONE|PERFECTIVE,pos|pos,FALSE,TRUE,FALSE,TRUE,OBJ-SUB-VC,MAIN|O,later|BETWEEN,TMP|O,O|O,O|O,NOCOREF,-0.0,AFTER
said,restore,say,restore,VVD|VVB,v|v,B-VP|I-VP,O|O,FALSE,TRUE,4,0,REPORTING|OCCURRENCE,PAST|INFINITIVE,NONE|NONE,pos|pos,FALSE,FALSE,TRUE,TRUE,OBJ-SUB-VC-TMP-PMOD-NMOD-PMOD-EXTR-IM,MAIN|O,later|BETWEEN,TMP|O,O|O,O|O,NOCOREF,-0.0,BEFORE
conference,said,conference,say,NN1|VVD,n|v,I-NP|B-VP,O|O,FALSE,FALSE,4,1,OCCURRENCE|REPORTING,NONE|PAST,NONE|NONE,NONE|pos,FALSE,FALSE,TRUE,FALSE,O,O|MAIN,later|BEGIN-BETWEEN,O|O,O|O,O|O,NOCOREF,0.0,INCLUDES
said,said,say,say,VVD|VVD,v|v,B-VP|B-VP,O|O,TRUE,TRUE,11,1,REPORTING|REPORTING,PAST|PAST,NONE|NONE,pos|pos,TRUE,TRUE,TRUE,TRUE,O,MAIN|MAIN,O|O,O|O,O|O,O|O,COREF,1.7976931348623157E308,SIMULTANEOUS
said,discussed,say,discuss,VVD|VVD,v|v,B-VP|B-VP,O|O,TRUE,TRUE,1,0,REPORTING|OCCURRENCE,PAST|PAST,NONE|NONE,pos|pos,FALSE,TRUE,TRUE,TRUE,OBJ,MAIN|O,during|AFTER,OBJ-TMP|TMP,O|O,O|O,NOCOREF,-0.0,AFTER
discussed,visit,discuss,visit,VVD|NN1,v|n,B-VP|I-NP,O|O,FALSE,FALSE,1,0,OCCURRENCE|OCCURRENCE,PAST|NONE,NONE|NONE,pos|NONE,TRUE,FALSE,TRUE,FALSE,TMP-PMOD-NMOD,O|O,during|BETWEEN,TMP|PMOD-NMOD,O|O,O|O,NOCOREF,-0.0,IS_INCLUDED
said,visit,say,visit,VVD|NN1,v|n,B-VP|I-NP,O|O,FALSE,FALSE,2,0,REPORTING|OCCURRENCE,PAST|NONE,NONE|NONE,pos|NONE,FALSE,FALSE,TRUE,FALSE,OBJ-TMP-PMOD-NMOD,MAIN|O,during|BETWEEN,OBJ-TMP|PMOD-NMOD,O|O,O|O,NOCOREF,0.0,AFTER
said,agreed,say,agree,VVD|VVD,v|v,B-VP|B-VP,O|O,TRUE,TRUE,4,0,REPORTING|I_ACTION,PAST|PAST,NONE|NONE,pos|pos,FALSE,TRUE,TRUE,TRUE,OBJ-COORD-CONJ-SUB,MAIN|O,during|BETWEEN,OBJ-TMP|O,O|O,O|O,NOCOREF,-0.0,AFTER
visit,discussion,visit,discussion,NN1|NN1,n|n,I-NP|I-NP,O|O,TRUE,TRUE,4,0,OCCURRENCE|OCCURRENCE,NONE|NONE,NONE|NONE,NONE|NONE,TRUE,TRUE,TRUE,TRUE,O,O|O,during|BETWEEN,PMOD-NMOD|O,O|O,O|O,NOCOREF,0.30051272154441994,BEFORE
incident,said,incident,say,NN1|VVD,n|v,I-NP|B-VP,O|O,FALSE,FALSE,4,0,OCCURRENCE|REPORTING,PAST|PAST,NONE|NONE,pos|pos,FALSE,TRUE,TRUE,TRUE,OBJ-SBJ,O|MAIN,during|BETWEEN,O|OBJ-TMP,O|O,O|O,NOCOREF,0.0,BEFORE
talks,said,talk,say,NN2|VVD,n|v,B-NP|B-VP,O|O,FALSE,FALSE,3,0,OCCURRENCE|REPORTING,NONE|PAST,NONE|NONE,NONE|pos,FALSE,FALSE,TRUE,FALSE,OBJ-PRD-AMOD-PMOD,O|MAIN,during|BETWEEN,O|OBJ-TMP,O|O,O|O,NOCOREF,0.0,BEFORE
warning,sessions,warn,session,VVG|NN2,v|n,B-VP|B-NP,O|O,FALSE,FALSE,5,1,I_ACTION|OCCURRENCE,PRESENT|NONE,PROGRESSIVE|NONE,pos|NONE,FALSE,FALSE,FALSE,FALSE,O,MAIN|O,O|O,O|O,O|O,O|O,NOCOREF,0.0,AFTER
warning,increase,warn,increase,VVG|VVB,v|v,B-VP|I-VP,O|O,FALSE,TRUE,1,0,I_ACTION|OCCURRENCE,PRESENT|PRESENT,PROGRESSIVE|NONE,pos|pos,FALSE,TRUE,FALSE,TRUE,OBJ-NMOD-COORD-CONJ-VC,MAIN|O,O|O,O|O,O|O,O|O,NOCOREF,-0.0,BEFORE
projecting,sessions,project,session,VVG|NN2,v|n,B-VP|B-NP,O|O,FALSE,FALSE,2,1,REPORTING|OCCURRENCE,PRESPART|NONE,NONE|NONE,pos|NONE,FALSE,FALSE,TRUE,FALSE,O,O|O,O|O,O|O,O|O,O|O,NOCOREF,0.09851347236861238,AFTER
warning,double,warn,double,VVG|AJ0,v|adj,B-VP|I-VP,O|O,FALSE,FALSE,4,0,I_ACTION|OCCURRENCE,PRESENT|NONE,PROGRESSIVE|NONE,pos|NONE,FALSE,FALSE,FALSE,FALSE,OBJ-NMOD-COORD-CONJ-VC-ADV-PMOD-OBJ-SUB-VC-ADV-AMOD,MAIN|O,after|BETWEEN,VC-OBJ-NMOD-COORD-CONJ-VC-PRP|O,as_a_result_of|BETWEEN,VC-OBJ-NMOD-COORD-CONJ-VC-PRP|O,NOCOREF,-0.0,BEFORE
sessions,increases,session,increase,NN2|NN2,n|n,B-NP|I-NP,O|O,TRUE,TRUE,4,1,OCCURRENCE|OCCURRENCE,NONE|PRESENT,NONE|NONE,NONE|pos,TRUE,FALSE,TRUE,FALSE,O,O|O,when|BEGIN-BETWEEN,O|O,O|O,O|O,NOCOREF,0.09241853509841716,BEFORE
sessions,increase,session,increase,NN2|VVB,n|v,B-NP|I-VP,O|O,FALSE,FALSE,1,0,OCCURRENCE|OCCURRENCE,NONE|PRESENT,NONE|NONE,NONE|pos,TRUE,FALSE,TRUE,FALSE,O,O|O,when|AFTER,O|VC-TMP-TMP,ENABLE|BETWEEN,SBJ-APPO-LOC-PMOD|OBJ-NMOD-PMOD-NMOD-PMOD-VC,NOCOREF,0.09241853509841716,BEFORE
sessions,kick,session,kick,NN2|NN1,n|n,B-NP|I-NP,O|O,FALSE,TRUE,2,0,OCCURRENCE|OCCURRENCE,NONE|NONE,NONE|NONE,NONE|NONE,TRUE,TRUE,TRUE,TRUE,O,O|O,when|BETWEEN,O|O,ENABLE|BETWEEN,SBJ-APPO-LOC-PMOD|OBJ-NMOD-PMOD-NMOD-PMOD-VC-TMP-NMOD-PMOD,NOCOREF,0.08285929593782732,BEFORE
increases,says,increase,say,NN2|NN0,n|v,I-NP|B-VP,O|O,FALSE,FALSE,3,1,OCCURRENCE|REPORTING,PRESENT|PRESENT,NONE|NONE,pos|pos,FALSE,TRUE,TRUE,TRUE,O,O|MAIN,O|O,O|O,O|O,O|O,NOCOREF,0.0,AFTER
increases,says,increase,say,NN2|NN0,n|v,I-NP|B-VP,O|O,FALSE,FALSE,1,0,OCCURRENCE|REPORTING,PRESENT|PRESENT,NONE|NONE,pos|pos,FALSE,TRUE,TRUE,TRUE,O,O|O,O|O,O|O,O|O,O|O,NOCOREF,0.0,AFTER
increases,expecting,increase,expect,NN2|VVG,n|v,I-NP|I-VP,O|O,FALSE,FALSE,2,0,OCCURRENCE|I_STATE,PRESENT|NONE,NONE|NONE,pos|NONE,FALSE,FALSE,TRUE,FALSE,O,O|O,O|O,O|O,in_connection_with|AFTER,O|VC-VC-LOC,NOCOREF,-0.0,AFTER
says,make,say,make,NN0|VVB,v|v,B-VP|I-VP,O|O,FALSE,TRUE,1,0,REPORTING|OCCURRENCE,PRESENT|FUTURE,NONE|NONE,pos|pos,FALSE,FALSE,TRUE,TRUE,OBJ-SUB-VC-OPRD,MAIN|O,O|O,O|O,O|O,O|O,NOCOREF,0.0,BEFORE
make,affordable,make,affordable,VVB|AJ0,v|adj,I-VP|I-ADJP,O|O,FALSE,FALSE,1,0,OCCURRENCE|STATE,FUTURE|NONE,NONE|NONE,pos|NONE,FALSE,FALSE,TRUE,FALSE,OPRD,O|O,O|O,O|O,O|O,O|O,NOCOREF,0.0,AFTER
make,accessible,make,accessible,VVB|AJ0,v|adj,I-VP|I-ADJP,O|O,FALSE,FALSE,2,0,OCCURRENCE|STATE,FUTURE|NONE,NONE|NONE,pos|NONE,FALSE,FALSE,TRUE,FALSE,OPRD-COORD-CONJ,O|O,O|O,O|O,O|O,O|O,NOCOREF,0.0,AFTER
says,pointing,say,point,NN0|VVG,v|v,B-VP|B-VP,O|O,FALSE,TRUE,4,0,REPORTING|I_ACTION,PRESENT|PRESPART,NONE|NONE,pos|pos,FALSE,FALSE,TRUE,TRUE,ADV,MAIN|O,O|O,O|O,CAUSE-AMBIGUOUS|BETWEEN,OBJ-SUB-VC-OPRD|O,NOCOREF,0.0,INCLUDES
help,defray,help,defray,VVB|VVB,v|v,I-VP|I-NP,O|O,TRUE,TRUE,1,0,I_ACTION|OCCURRENCE,FUTURE|NONE,NONE|NONE,pos|NONE,FALSE,FALSE,TRUE,FALSE,OPRD,MAIN|O,O|O,O|O,under|BETWEEN,SBJ-LOC|O,NOCOREF,-0.0,BEFORE
vary,agree,vary,agree,VVB|VVI,v|v,I-VP|B-VP,O|O,FALSE,TRUE,1,0,OCCURRENCE|I_ACTION,FUTURE|PRESENT,NONE|NONE,pos|pos,FALSE,FALSE,TRUE,TRUE,COORD-CONJ,MAIN|O,O|O,O|O,O|O,O|O,NOCOREF,-0.0,AFTER
agree,Starting,agree,start,VVI|VVG,v|v,B-VP|B-VP,O|O,FALSE,TRUE,2,1,I_ACTION|ASPECTUAL,PRESENT|PRESPART,NONE|NONE,pos|pos,FALSE,FALSE,TRUE,TRUE,O,O|O,next|BEGIN-BETWEEN,O|PMOD-NMOD,O|O,O|O,NOCOREF,-0.0,BEFORE
agree,down,agree,down,VVI|AV0,v|adv,B-VP|B-ADVP,O|O,FALSE,FALSE,1,0,I_ACTION|STATE,PRESENT|NONE,NONE|NONE,pos|NONE,FALSE,FALSE,TRUE,FALSE,OBJ-SUB-VC-OPRD-DIR,O|O,O|O,O|O,O|O,O|O,NOCOREF,-0.0,BEFORE
Starting,block,start,block,VVG|VVB,v|v,B-VP|I-VP,O|O,FALSE,TRUE,2,0,ASPECTUAL|I_ACTION,PRESPART|FUTURE,NONE|NONE,pos|pos,FALSE,FALSE,TRUE,TRUE,ADV,O|MAIN,next|BETWEEN,PMOD-NMOD|ADV-PMOD-NMOD,O|O,O|O,NOCOREF,-0.0,BEGINS
Starting,refusing,start,refuse,VVG|VVG,v|v,B-VP|B-VP,O|O,TRUE,TRUE,3,0,ASPECTUAL|I_ACTION,PRESPART|PRESPART,NONE|NONE,pos|pos,FALSE,TRUE,TRUE,TRUE,O,O|O,next|BETWEEN,PMOD-NMOD|O,PREVENT|BETWEEN,O|ADV-PMOD,NOCOREF,-0.0,BEFORE
Starting,sell,start,sell,VVG|VVB,v|v,B-VP|I-VP,O|O,FALSE,TRUE,4,0,ASPECTUAL|OCCURRENCE,PRESPART|INFINITIVE,NONE|NONE,pos|pos,FALSE,FALSE,TRUE,TRUE,O,O|O,next|BETWEEN,PMOD-NMOD|O,from|BETWEEN,O|PMOD-OPRD-IM,NOCOREF,0.0,BEFORE
Starting,setting,start,set,VVG|VVG,v|v,B-VP|B-VP,O|O,TRUE,TRUE,5,0,ASPECTUAL|OCCURRENCE,PRESPART|PRESPART,NONE|NONE,pos|pos,FALSE,TRUE,TRUE,TRUE,O,O|O,next|BETWEEN,PMOD-NMOD|O,from|BETWEEN,O|PMOD-COORD-CONJ,NOCOREF,0.10170608291387385,BEFORE
Starting,reduce,start,reduce,VVG|VVB,v|v,B-VP|I-VP,O|O,FALSE,TRUE,6,0,ASPECTUAL|OCCURRENCE,PRESPART|FUTURE,NONE|NONE,pos|pos,FALSE,FALSE,TRUE,TRUE,O,O|O,next|BETWEEN,PMOD-NMOD|O,from|BETWEEN,O|O,NOCOREF,-0.0,BEFORE
raise,reining,raise,rein,VVB|VVG,v|v,I-VP|B-VP,O|O,FALSE,TRUE,1,0,OCCURRENCE|OCCURRENCE,PRESENT|PRESPART,NONE|NONE,pos|pos,TRUE,FALSE,TRUE,TRUE,ADV-SUB,MAIN|O,O|O,O|O,O|O,O|O,NOCOREF,-0.0,SIMULTANEOUS
